login_attempts_per_min,files_accessed_per_min,cpu_usage_avg,network_out_mb,process_count,label,anomaly_score,is_anomaly
2,2,10.0109290578325,1.4368272109039886,59,1,0.07851753017247581,1
2,5,16.319575850033395,0.901791167585064,78,1,0.06922164691444072,1
2,15,33.17970078806397,4.471082882352134,56,1,0.09770086347626739,1
0,11,16.676422053647073,0.7546891918703686,43,1,0.08186394528321439,1
1,11,19.61670161059763,2.7049319515182466,75,1,0.12145863856353678,1
1,9,18.273710340553613,2.9708155259950177,65,1,0.13885109961702857,1
1,11,24.73051274281891,0.764260255424764,43,1,0.09606982837725159,1
1,8,11.683193109119756,2.008418092899637,42,1,0.11066576697159342,1
0,11,35.785913199990915,0.6981517862615454,40,1,0.05589711325305491,1
0,4,35.93626014310097,4.646674114586533,37,1,0.057726125823955754,1
2,14,16.428160288316647,1.4633269374224909,52,1,0.11404684944665971,1
2,14,15.08209371026697,3.4821360513676525,61,1,0.12454402934815373,1
1,17,27.223255674628632,4.981573875579338,73,1,0.05323582815074712,1
2,1,36.17434995848539,1.259169040006051,48,1,0.06263581281920327,1
41,148,88.02803445647345,98.5575856892757,159,-1,-0.23516910501781318,-1
2,1,15.945343002136292,1.1579670151407069,63,1,0.09015579745167251,1
0,17,24.30061414881593,2.018671233078828,32,1,0.06231129863691587,1
1,10,37.2256393706803,4.488479796539342,72,1,0.0857846485012751,1
2,9,27.159832752285336,0.8066264221376216,56,1,0.10550600541783745,1
2,2,15.347635167539789,4.420539544058304,63,1,0.07848062873249828,1
2,3,32.63290705890044,1.8522046822129925,52,1,0.10513144871123098,1
0,11,16.988438628249714,3.5331019140406688,44,1,0.11917620375447202,1
2,10,8.312124767838412,3.9674946862652334,32,1,0.05253937588022528,1
0,16,13.321012940398653,3.2068034728419925,66,1,0.10901269240323747,1
1,19,39.99806002346071,4.96233649606959,67,1,0.014937334271969194,1
2,4,21.372319430000527,3.532633988882759,37,1,0.1008959032827989,1
0,2,7.319498920899033,4.337106561924841,66,1,0.04515213772682536,1
2,18,10.148939336643345,1.1258554262078897,46,1,0.05411278158104893,1
0,6,30.5082080574085,0.9223014612258826,55,1,0.0882556484945965,1
1,14,9.462017817162485,4.027096761445906,33,1,0.08013396701951425,1
2,10,38.96352473946919,3.4511888384960665,66,1,0.08143828162846117,1
0,1,12.237600544618363,3.338797503203535,49,1,0.06866627118542645,1
0,6,8.247137792819155,0.679110622008493,71,1,0.04609767876666815,1
2,7,14.487133713733344,3.898557503546707,30,1,0.05911538182423559,1
20,114,88.8413749527552,62.8751778609958,159,-1,-0.21700297811290625,-1
1,3,38.6084178731351,1.924502096527452,52,1,0.08693177339652747,1
2,3,20.475494628772125,0.6643162434297829,38,1,0.06825307676789427,1
2,3,36.42435241329868,1.5172493653721455,73,1,0.07176211227541263,1
0,2,37.61978532792449,2.5693528032909203,61,1,0.06846108426542702,1
2,18,28.04165435441289,1.812559421192624,48,1,0.08633252533886943,1
2,5,11.74301233876099,2.296942058382282,45,1,0.10656895133077804,1
1,11,21.2273113089897,1.0455551196763908,53,1,0.12027751945415754,1
1,3,20.027431305207667,2.6610679093635023,67,1,0.11634873131551782,1
0,2,36.21504423589424,1.688563252709253,40,1,0.05862377796150253,1
1,4,21.064096287317582,4.30106201378003,37,1,0.10382086401278828,1
2,17,38.13060891638048,3.51490059208656,55,1,0.06644057181666829,1
0,18,36.84486563846951,3.993982843194503,37,1,0.06260210056538917,1
0,19,5.978093297919147,2.5380055303199254,79,1,0.012028260519407086,1
1,5,28.834135124898875,1.6952184879968266,71,1,0.11586879971794539,1
1,18,6.256942857783696,3.944084174995702,68,1,0.06629249530704034,1
1,13,36.68443700141425,3.4202693620468985,50,1,0.10498455965789927,1
0,13,16.066363817079026,0.7937493311013559,64,1,0.08634329222049836,1
0,1,23.8285524579516,4.2073989308090844,58,1,0.07186436504701332,1
1,2,27.98129467723816,3.380530466248811,58,1,0.1156798745161502,1
1,9,10.633085737491346,2.8489674617366987,42,1,0.11589117849508596,1
0,16,18.151417937935413,2.4566297656243306,73,1,0.11570160766426218,1
2,19,13.644541237483494,0.5653080401057983,67,1,0.03450032218767074,1
0,4,34.13557811412225,0.6965263202041955,53,1,0.06365393713777301,1
0,17,5.085884913924105,1.2691984310148166,43,1,0.03497239598175983,1
2,8,35.214450942935265,4.790925447872331,56,1,0.08091052921199482,1
1,12,27.883195585866723,2.4983362734746146,62,1,0.13566177213848446,1
0,14,8.07466247765804,1.139938067507132,52,1,0.07065689302127004,1
1,13,16.01077999554363,4.61804200387071,62,1,0.10830241154742176,1
0,1,6.185425501029071,3.1499514693264867,53,1,0.04557192749180239,1
2,16,17.778137525907944,1.812263077655274,62,1,0.11141088159665696,1
1,7,39.198564801041655,2.407885319030177,60,1,0.0948592263033165,1
0,2,28.767605995296584,1.7112722059523793,76,1,0.06771834984469582,1
2,4,12.441346417836558,0.8513834817319915,38,1,0.0717722661821133,1
0,7,37.84441817584386,0.9784556077846832,40,1,0.06257252511130662,1
0,1,10.721390813656708,4.425650857724371,78,1,0.03430574652241036,1
1,4,26.841024848870664,3.668548427554637,57,1,0.13524877043774625,1
2,5,10.349073538661091,4.32572636891808,66,1,0.08341417588664835,1
2,16,7.951695416817975,3.626282346732274,57,1,0.09203840319875817,1
1,6,37.31824386160412,1.777537780330402,53,1,0.10577730379405653,1
33,184,95.77023608013944,128.00382215390232,158,-1,-0.23301016020834142,-1
1,2,31.77300044090654,3.970450642551904,42,1,0.08468474735282994,1
0,18,21.95127392252639,3.946067703492299,74,1,0.08478061205482712,1
1,10,20.54836254082681,4.571148726699133,38,1,0.10510436046221255,1
1,11,29.69014059947278,4.499296048553793,62,1,0.11753829102813707,1
2,16,35.32873592442813,2.080013494169208,67,1,0.0902898400667867,1
0,15,11.35065984330127,4.35804626781222,54,1,0.09619121776697886,1
1,3,39.20120283809128,2.1384260287342265,46,1,0.0671390313433386,1
1,11,10.909962835001291,1.493937894667796,77,1,0.09815942081417273,1
1,11,24.175937267036957,3.729043126671593,42,1,0.12755349447910386,1
0,19,24.31159644631896,0.5789713996342613,58,1,0.05399405028928639,1
2,2,32.0030243922275,0.9367610137710471,69,1,0.07767716173339556,1
0,7,27.35672723856463,3.1898250919241318,66,1,0.11264469536007693,1
0,8,7.712940937682891,2.463002523422713,68,1,0.08148467958866423,1
2,13,22.459039860502795,1.9767253994237264,52,1,0.12225195479037937,1
2,8,15.120245563515995,4.763503588031874,48,1,0.09193807315180508,1
2,14,17.81338113736247,4.454312349549355,61,1,0.10621861526855253,1
2,1,39.86153096097357,1.8320542944978604,72,1,0.035462386816898284,1
0,5,24.160278202667943,2.2273311067374544,73,1,0.0990928841842037,1
1,9,7.833575358725975,0.8958573277798173,73,1,0.07277443185848631,1
1,6,10.281984260071775,3.2179447042729588,39,1,0.10480677709983238,1
0,5,18.832975516459605,0.7435108852427157,54,1,0.07882581094795682,1
2,10,34.79753297254831,4.367681942817906,39,1,0.07536152886583958,1
2,5,38.0570207010413,0.8131450834103333,54,1,0.06567793824773505,1
1,18,37.17976988236149,1.2117799537440277,79,1,0.040986370987374676,1
0,13,15.474483429421136,4.92847829752622,54,1,0.0870469811572856,1
0,6,15.49515946676986,3.5622423752088697,52,1,0.110011842576903,1
0,12,19.031554134202025,1.2766639378293647,79,1,0.07101587579441748,1
0,15,21.127586806207383,2.674268654170694,48,1,0.11972227700931531,1
0,19,30.6551635992922,2.227156316079039,45,1,0.08028993628993863,1
2,11,36.65834258993616,4.436197537740467,70,1,0.07849186468986702,1
2,14,31.97769675447933,0.6313291734287951,62,1,0.08313888472146186,1
2,2,13.2163790823228,1.4467299658513495,69,1,0.09309693375615352,1
0,16,17.08724344206895,2.9550688076651466,76,1,0.10203514850686479,1
0,11,12.497541016255376,1.6891356826437316,47,1,0.09779466182201546,1
0,16,8.34899183412616,2.3925345820874515,38,1,0.07556247526584703,1
1,1,36.74268160550368,2.6238275848569184,65,1,0.08185698362244093,1
2,11,6.829145045583924,1.566530686442989,33,1,0.0486002063280071,1
2,12,15.293408094321746,2.238931854390802,35,1,0.10460140684370495,1
2,16,22.8547557963554,1.6748746418857947,44,1,0.08927431379251749,1
2,4,17.710539883181866,1.1444376195004742,36,1,0.08242818182346451,1
24,78,90.2119490420652,128.23281056281834,194,-1,-0.22709044037725878,-1
0,11,7.41256670709659,1.7508348736539414,67,1,0.0795501029922423,1
2,13,7.384893603370191,3.9291923847682906,50,1,0.10254883514269647,1
1,8,37.687630245981694,0.5526073045717328,67,1,0.05961398659109829,1
2,9,22.790397416879067,0.5413385510359938,53,1,0.07732344203492508,1
0,4,19.28870415337965,4.58339719768043,55,1,0.0896894900459228,1
1,19,32.35946930071729,4.884682168667062,44,1,0.05437561028209803,1
0,3,5.351485088612987,4.57184301121017,56,1,0.02680460094861903,1
2,14,21.385139339051094,2.00117441870845,71,1,0.11183409569592112,1
2,18,23.754569809611187,1.2812626264984714,50,1,0.08396677501471977,1
2,11,7.91656463679621,3.427269132109221,46,1,0.09577616035682257,1
1,8,20.53220448953196,1.0907503720554312,47,1,0.10913451009879682,1
2,13,32.934393040793864,2.737274036462266,37,1,0.08687245226056989,1
2,7,17.099610332189286,1.9921883274750212,77,1,0.0897271304010176,1
1,3,17.33736108207846,1.3045887583367357,39,1,0.10016616745720386,1
2,1,32.64063621123342,4.123931143176522,36,1,0.03893128519333078,1
1,18,38.88340604790151,4.921815496355864,51,1,0.03970590880529978,1
2,7,33.34196479544151,2.5546824757421867,37,1,0.082064335689091,1
1,7,5.537677039167638,1.2631679834359,31,1,0.034178858128469436,1
2,9,23.41418799403157,4.990274596791804,45,1,0.08300689479867923,1
2,18,5.9651263318584,4.807555685664464,67,1,0.03907680391765489,1
1,15,27.047481390744853,3.1126809624683114,50,1,0.13901179708712058,1
2,13,25.048265697872854,0.7677165107798435,50,1,0.101113124812102,1
2,15,20.01546623821087,4.289694700309743,77,1,0.07687696105401048,1
2,13,16.110338916512617,4.06799073379146,59,1,0.12117705180314597,1
1,12,14.792062316684037,2.549462859768535,42,1,0.1323452855833237,1
2,14,23.826535016313706,4.079172711584926,35,1,0.08770609797629347,1
1,9,6.461298736135195,4.771186980038852,34,1,0.054709611368253475,1
1,17,32.39835412772534,1.7555297855693122,44,1,0.10415060106864998,1
0,18,34.909129457338814,0.5472585427729508,68,1,0.050063917182003315,1
1,7,36.8568131231067,3.4540953140801385,51,1,0.10740896290100765,1
0,18,20.03418428730081,1.104697676405774,75,1,0.0730060360741448,1
2,12,14.588837626794309,2.000702911405896,64,1,0.12403743234566894,1
0,2,26.546785973353256,4.866839951974629,43,1,0.0498873787720755,1
2,15,13.76681198668152,1.6536538863141992,65,1,0.1132217745640115,1
1,17,30.023680490512778,1.299297739349764,52,1,0.10171274867321806,1
1,17,12.130082757085177,1.4533402387329015,60,1,0.10279296911503188,1
2,2,39.81726396811062,2.142872956698157,40,1,0.029452015521593933,1
2,10,17.5342714561027,1.9957749652187675,32,1,0.08320854947308354,1
0,10,25.29316415622138,4.09310732591526,62,1,0.11697105464881963,1
1,3,30.646273472420607,1.1707776301556077,78,1,0.07743216205941494,1
1,7,30.70014810546289,2.836745760210638,39,1,0.11200978954104712,1
1,6,7.610096457803925,4.830779274859269,72,1,0.058794645409392055,1
1,1,9.227122957999764,3.9779846999180943,67,1,0.07131106588804476,1
0,4,9.881714484000026,2.007950901800573,71,1,0.0824705465238903,1
2,13,32.355311682324725,4.437245033401318,78,1,0.05167792896808354,1
2,8,16.677535317009436,1.5245329957281104,38,1,0.10140950026538742,1
0,3,38.08375355511789,4.628351087845158,42,1,0.04657286748102352,1
0,12,22.507722323430887,2.729125630073536,68,1,0.1242434465220354,1
0,5,11.88860591114164,3.386400438833105,48,1,0.10058360741887812,1
0,16,21.2215817133577,3.3669676329660043,67,1,0.11882414377947009,1
1,15,6.061074599686134,1.7598755459590123,53,1,0.09286122993449308,1
1,10,25.697824410838024,3.795157181493262,73,1,0.12316299060126634,1
1,7,26.35981297548249,3.98522189651846,60,1,0.13276952341460113,1
1,17,29.518558770378597,1.9959314308613976,53,1,0.11401939560570756,1
0,4,37.42462085770855,2.9271907455976227,32,1,0.04472473676363664,1
0,15,38.88028269576498,3.956059615504699,77,1,0.04669406685361521,1
0,4,12.449621987072357,2.795089853772575,41,1,0.09575864882526686,1
2,5,32.877218096981466,4.880867917814756,61,1,0.07522039879704229,1
0,18,27.441703187647335,4.146244675980119,72,1,0.08687148658166854,1
2,9,32.476584202554406,0.9600335368667412,75,1,0.08795728105959183,1
2,13,38.29930362871004,0.8230535156623403,44,1,0.05178552124030944,1
2,9,7.040346472412931,4.167887210188146,42,1,0.07395411213041969,1
0,4,28.417452138618536,2.3393550546762265,67,1,0.10766481961458035,1
0,10,37.928575664219466,2.476520232147534,37,1,0.07293047224694282,1
0,4,11.735492248469749,1.0135098221928185,56,1,0.06676654680478689,1
2,9,12.79908359691862,3.658653827370271,75,1,0.0952890390108499,1
2,17,19.464660334554157,2.6762063569713503,54,1,0.1068298662996367,1
1,8,29.39567810981789,4.401521675598866,39,1,0.1016420852583354,1
2,15,13.864356371008702,3.0805287388810507,70,1,0.11538333859279232,1
2,6,11.669985349444714,1.889429856997392,67,1,0.1020797858691102,1
2,16,20.89016215390949,3.730718461061553,61,1,0.11640877342394096,1
2,12,14.260283275322251,3.6293956927361,56,1,0.1239671287069315,1
1,3,9.452275671770058,3.99082470032911,70,1,0.08748295274913792,1
0,13,38.0003684084929,4.838762730000134,57,1,0.059313233926270414,1
2,16,39.803943474739256,1.2581270524978003,70,1,0.049423582775336206,1
1,14,30.24939246025264,3.734878898673836,79,1,0.07583822213715724,1
0,3,30.10416928578605,2.455593282054453,68,1,0.09647335372690691,1
0,12,19.448793539569103,1.081290822235195,33,1,0.06848856452916785,1
1,9,5.965887979879734,3.5329481549096413,36,1,0.08583267999503058,1
2,5,22.61933563595786,4.291216927744081,33,1,0.07606137222477982,1
2,12,32.771549545551274,3.807315625388381,61,1,0.11841384910677366,1
1,1,21.817411513582183,1.3190311320896175,51,1,0.09860932559068314,1
0,14,9.972204544504958,4.741108283076893,65,1,0.07764982466331788,1
0,12,27.82605089087949,4.428018833870265,40,1,0.09687727515635802,1
2,9,5.986042693957731,1.4481282327708862,75,1,0.054441668609744975,1
0,11,33.49844792012625,2.946580187318856,48,1,0.0981473559093049,1
0,13,30.66765507536387,4.752963260054821,59,1,0.09048623383093995,1
1,14,27.4929984409804,2.910415086753865,52,1,0.13501071883960325,1
1,9,25.440685472360972,4.412485729440373,65,1,0.12171929801326292,1
0,3,7.548058174478884,2.912057921674496,42,1,0.07549601838696368,1
1,19,30.120652090114124,1.6320539094727051,70,1,0.07536139090078181,1
0,14,39.91792797518042,1.3077458636385362,32,1,0.030521934121902294,1
0,9,19.37724095703738,4.991886233691099,72,1,0.07553933668339807,1
2,13,21.29641439324377,4.7292920057615815,43,1,0.09357501720416306,1
0,7,21.05044872631601,1.0851309501460742,73,1,0.08309711267411429,1
0,14,37.00158056760648,3.709459308647952,64,1,0.08591005674513319,1
2,1,25.00826189262739,2.1536509507031845,58,1,0.1069656432177214,1
1,17,13.424227999324462,2.6556708635196715,45,1,0.11404001056433039,1
0,1,6.073418154860511,3.719040085547713,30,1,0.00264785773527787,1
2,2,28.86312216716244,2.6612662959631965,61,1,0.10194986962480862,1
1,17,10.158912087276205,2.4678208051278747,45,1,0.10953251449954782,1
2,4,11.43315545959488,0.5823614755677005,77,1,0.0431439815863055,1
35,195,98.92834177674006,118.19669933472076,157,-1,-0.23950456278311194,-1
1,9,36.92682217981947,1.6491863851569248,65,1,0.10684410510647718,1
0,9,33.86114073349978,3.1357047764437325,75,1,0.08926504392782858,1
1,18,7.270667795857297,3.3686437335004364,45,1,0.08902297049706559,1
2,14,28.645641459149655,0.6664518187548605,59,1,0.08752138301633394,1
0,5,11.730756993868996,4.237638407055581,32,1,0.04996608502698041,1
2,4,21.698547868462384,2.5065367071069327,44,1,0.11190163754153826,1
1,17,13.379062255561225,1.7543700081959916,50,1,0.10611610217914746,1
2,18,28.95529200486237,3.5079851389584604,63,1,0.0991182974534876,1
0,12,30.22949524557844,3.955003681790485,63,1,0.10989908482464716,1
2,19,16.221798712558734,0.8083603413895084,73,1,0.04194523098859726,1
1,11,8.121230414588101,1.84894454067826,74,1,0.0942839668531465,1
0,11,30.91632889030094,3.960678388246631,72,1,0.10025130392691978,1
0,17,9.21360760658495,2.5954398389906,51,1,0.08642693662130424,1
2,16,17.50961776813132,3.596947572417676,77,1,0.08227158401800011,1
19,103,91.49562309580584,157.11881521372834,142,-1,-0.22283458721032479,-1
2,13,28.154919293341123,2.2178771450061383,78,1,0.0829041795822596,1
1,15,21.0048756960546,3.859892493421659,68,1,0.12339331652256985,1
2,8,31.464104700152653,1.7743414367375865,38,1,0.09287093574632588,1
2,15,37.395768157747824,1.357234775186864,50,1,0.07714996611145397,1
1,18,36.76173130864004,1.926229013633401,58,1,0.09146682459429434,1
1,15,15.911490663770897,1.6178725806049383,55,1,0.1228636185962041,1
1,3,31.600100950637344,3.716916788282991,53,1,0.11536745130709586,1
1,1,9.53846087777234,1.46740160915687,42,1,0.07151369011959452,1
1,16,26.305615044048245,0.575750446575728,67,1,0.07944142493447176,1
1,15,21.99762441463647,4.195749994759395,31,1,0.08237582783670644,1
0,2,30.25172089777406,4.005512953744048,31,1,0.03276267361990859,1
1,6,10.054419044692011,3.313339264075005,44,1,0.10238100786420862,1
0,13,20.46008096014618,3.204133808936776,55,1,0.12053544764537721,1
1,2,24.416631345587483,2.254636871356424,72,1,0.10768653130063166,1
1,1,20.01765922586108,4.212471046036249,43,1,0.06931067376985506,1
1,4,9.925937525536634,2.055332953939776,71,1,0.10188382299577264,1
2,8,28.634054440999627,3.926202661269857,47,1,0.10559894766666023,1
1,4,14.81959373222695,1.0627201449648584,60,1,0.1199064873444301,1
0,2,33.94213687312127,2.022160314400404,69,1,0.08089861580460894,1
0,16,22.54936037813989,2.669478294841498,79,1,0.07908974060218871,1
0,11,34.25535354522154,2.0664199339469853,54,1,0.09850463638707613,1
2,12,39.99233130528761,4.414172625634287,59,1,0.062158929471368696,1
2,4,7.982934917014791,2.448673703947059,60,1,0.09073261683346401,1
2,5,27.91905651531524,2.766320737397222,37,1,0.10063479890326121,1
0,9,20.234664355925723,1.2641666694407894,60,1,0.10480601252318722,1
0,1,20.39464394032074,2.4024254155213254,64,1,0.0886615742152666,1
2,12,15.220450173888407,2.862636876284116,62,1,0.1340609108803309,1
1,2,34.93298020487056,4.266948809207957,56,1,0.08841473756491042,1
0,7,23.41514781784181,1.228818955073374,38,1,0.09477660763822421,1
1,18,20.85357333956976,4.0999446286291965,78,1,0.06248499782610495,1
2,7,23.166301650953688,4.214850177816222,33,1,0.0780201820560869,1
0,14,36.409327575604095,2.789264693386801,30,1,0.04002287637392887,1
0,13,20.8119036445028,1.441751826540963,50,1,0.10436935594928143,1
1,3,16.51500506732433,1.4599748786538649,51,1,0.11602574642780988,1
20,133,94.79510435694252,136.68104671332185,170,-1,-0.22978267859707036,-1
2,16,33.619538530742695,0.5902461172489106,72,1,0.05472228248846056,1
1,3,22.636131662770072,3.886239409596408,46,1,0.10967976604002017,1
0,8,36.36518538175888,0.8124842571178426,67,1,0.07006644540409973,1
1,2,28.270715911949537,3.98695118822668,40,1,0.09552028825735864,1
0,5,8.614374389499854,4.326909387775444,77,1,0.05176232132020886,1
1,14,25.741146179513574,2.4538016293207763,31,1,0.09167325053885639,1
0,12,33.47677240929233,1.296864744683495,32,1,0.04761592552994198,1
0,2,26.500656649924306,1.491468743070767,38,1,0.07604406839587691,1
2,7,10.435403275887438,0.9929789352177862,71,1,0.0779257839258039,1
1,1,35.16496838053794,1.0700984037834145,64,1,0.07723583679676982,1
2,4,38.366879670332445,0.5616667780917006,53,1,0.043518648865279896,1
2,9,27.75796385000985,2.2508991415595103,58,1,0.1287364005213681,1
0,12,12.642684233659338,2.8075592895536863,42,1,0.11027601186543717,1
0,12,36.42323536387602,4.161711521103285,37,1,0.07261891029843981,1
2,6,36.578643793216926,4.145573740807083,79,1,0.057918786520037346,1
1,19,32.75278363941137,4.48315654588337,61,1,0.07264899027983596,1
2,4,19.7996388547466,3.537879887563645,77,1,0.08902444613751131,1
2,19,34.99625534283908,3.917430396523637,35,1,0.04820206286221407,1
0,19,11.61318130635646,4.367948436793796,51,1,0.05482933796629297,1
1,9,7.607615594555359,3.691456441169035,30,1,0.06340789457333251,1
33,185,96.84142562878978,178.31926380638689,195,-1,-0.2504464309939459,-1
0,8,15.145167548559304,2.5801823380438824,72,1,0.0994351100130974,1
0,7,12.55283822355344,3.198320193170729,42,1,0.10038213562143666,1
2,11,27.37828319894881,2.1143838697753194,64,1,0.12506857376356822,1
2,19,39.85324739230591,4.489223976031522,40,1,0.02017183962756519,1
2,17,17.872776908552005,3.2058294533417837,69,1,0.10691700736785364,1
2,9,12.930607465124204,2.796605290398841,68,1,0.11980796207537786,1
2,17,35.5002743700872,2.728490740053513,63,1,0.08796930672049441,1
0,8,36.4766934092783,1.8220157734236848,62,1,0.08702588480495738,1
0,9,26.89790521367535,1.1165593486808982,73,1,0.10047377684587178,1
1,5,27.884211290768537,2.7343299392630627,62,1,0.1348435523503485,1
0,15,12.666805654993752,1.6226847627235508,37,1,0.08793965522471398,1
0,13,34.50936908849955,3.836245125797264,51,1,0.09847568909024101,1
1,11,12.897013003521543,4.003570818705359,62,1,0.12328130469536319,1
1,5,26.76046901202741,4.556962497401136,77,1,0.08374117398727421,1
2,1,22.28428194223947,0.9914693610582996,45,1,0.07258063082617766,1
2,7,24.507965989485346,2.9004152451728933,75,1,0.10173960871188714,1
1,13,30.770135629286628,2.7083850308186883,67,1,0.12209295858082975,1
1,13,5.860321406877546,1.0391649081017689,35,1,0.058364937464369104,1
2,18,8.053776433087375,4.180292364887321,56,1,0.0741827123667047,1
0,14,29.9250285213385,1.042851248699493,50,1,0.09576134818358095,1
1,3,29.904900525962105,1.4523810792699836,45,1,0.10451753890892818,1
2,5,23.31960648116198,4.610352172821012,51,1,0.10376603099415654,1
2,11,20.137053373722598,3.945807748492983,72,1,0.11528670277480402,1
1,2,6.323523125965985,1.177914662505235,47,1,0.06897655904329869,1
0,5,5.800050562124875,2.450747882812576,32,1,0.03246149504343343,1
2,10,19.939530174369832,4.90621719034252,40,1,0.08477488795672417,1
1,8,26.04557317018464,1.755661211448679,52,1,0.13281698945818293,1
1,4,35.990115214580854,2.750232344982758,35,1,0.09019742914255496,1
0,16,21.44340651108972,2.5078303606124,35,1,0.08847052959471485,1
2,11,14.579999519563502,4.57586248323272,53,1,0.11060669582152366,1
0,16,33.198406867726995,3.0203022296709205,56,1,0.1058842665149265,1
1,13,10.390224085921655,1.993109331432108,77,1,0.10158332681283655,1
0,19,27.79127160830346,2.9517861279470057,50,1,0.0958043798246413,1
0,16,22.742803913074717,3.8594259497929313,72,1,0.10844389338553206,1
2,10,10.7006256413928,3.377961448972846,66,1,0.11545459386898899,1
0,13,25.957971626400678,4.02500902308295,71,1,0.11140838616879256,1
1,14,11.971750270248378,2.429276961800733,52,1,0.12467816065761156,1
0,16,34.92461581431232,3.166432481456466,74,1,0.09011739869592283,1
2,14,34.60910855496929,1.3779879364589935,50,1,0.09782844607818969,1
1,4,16.464305843178096,4.004247764652153,48,1,0.1142318294693388,1
1,13,32.87554827202377,1.730775437267152,47,1,0.10654423156917509,1
2,6,29.14516917001049,4.392425274369345,36,1,0.07317989331346136,1
1,7,17.920637241720687,0.6982189446163647,32,1,0.07494282644408512,1
1,6,15.656225799106346,2.6392660885845056,72,1,0.12058243311572042,1
1,12,6.200054812935971,3.6025268270147843,42,1,0.10043529888343478,1
1,11,12.131039432417476,1.6816209982952992,74,1,0.10846048137918829,1
2,5,34.13727064671737,3.043499973365796,41,1,0.09126526028914039,1
0,16,29.29559588966988,1.942949208330264,73,1,0.09872533743836481,1
2,5,21.230299607729147,3.314180009299581,71,1,0.11134889094181633,1
2,6,18.314644441777496,1.2199948854866818,36,1,0.08380811660637949,1
1,19,25.3724650322847,2.270465293179718,72,1,0.08118912232815395,1
2,1,26.10650763057551,1.230952101486747,73,1,0.09014268496277955,1
1,8,33.48700203835128,4.441668175315224,31,1,0.07297263793984116,1
1,2,30.82560585237168,1.555212668427894,34,1,0.07790431247612051,1
1,1,17.35980505846721,4.536078583660087,51,1,0.08310603723316567,1
1,15,11.609971235365654,0.6450490328611336,63,1,0.08071825442906394,1
2,7,16.005048046328508,3.4242879292743287,36,1,0.09720748919126349,1
0,12,10.211530797811182,1.86753630813588,72,1,0.09104101522777247,1
1,4,30.728830988148378,1.8518211505119095,64,1,0.12135083822882342,1
1,17,28.37526513927005,4.1846878025351,43,1,0.10813911943609145,1
0,2,31.186145316032604,1.7522376359013,44,1,0.07505407580535767,1
2,1,19.89858597383314,1.2640577811537104,53,1,0.09075106843666308,1
2,13,20.39554826803755,1.241952877219901,53,1,0.11230117510745441,1
2,16,21.22369881825118,4.674245425555035,43,1,0.0862115286602626,1
2,4,34.708753316098054,2.1839211565114613,63,1,0.10644226714196076,1
2,10,25.81832553149512,1.225332975895046,60,1,0.120472859893555,1
1,16,10.141602890547109,1.7150625568033857,50,1,0.10601772882990851,1
1,11,28.55070854124721,2.003452540192113,42,1,0.12459676494185107,1
1,16,29.098866088995216,1.892524448392947,37,1,0.1048871008342177,1
0,19,36.47515794366083,2.6179721509898863,33,1,0.035571419180356334,1
2,14,6.43236580184889,2.9048262204454534,31,1,0.03206092218498435,1
1,7,32.54994885046269,2.3381578723993863,60,1,0.1261355176560573,1
1,3,7.872706662027779,2.216305302516331,39,1,0.0907666932726845,1
1,19,17.615917441473375,4.089083090859296,70,1,0.06754428656783157,1
1,7,34.47078505222844,3.221650392105951,37,1,0.10099566427938012,1
2,8,33.428085757812305,3.267278581122397,32,1,0.06820423298600292,1
1,19,21.34120219980812,3.070237123913934,65,1,0.08566822502899896,1
0,3,23.175660090853512,2.688924884213466,41,1,0.10197853431046178,1
2,4,34.68595053905909,2.257891149710201,64,1,0.1091901928491919,1
0,19,28.54771436450913,1.1006934757268625,77,1,0.059449249569586526,1
1,10,6.355348725279834,1.1964569786436137,32,1,0.06350701298709338,1
2,16,17.502996676512947,2.840713662974365,32,1,0.07348018340633333,1
2,9,38.79033136047594,3.5804405189045654,63,1,0.08575375458927803,1
0,6,37.508881174040525,4.34167947932921,74,1,0.050147526747411075,1
2,11,27.62229607602141,3.050915360415407,69,1,0.12373432758358738,1
2,9,21.63999189904413,2.776645470479512,59,1,0.13283541223568573,1
0,12,20.495212703316177,2.204053784655702,77,1,0.10007052898301111,1
1,9,23.337264734569395,1.7318468455330418,73,1,0.12116809229166564,1
0,5,10.525123553793268,1.959719101755855,49,1,0.08126543039196327,1
1,15,30.938881964531284,1.9143103134852175,73,1,0.10385932809728449,1
0,5,18.749734550093997,3.243540945449394,74,1,0.09176628013721444,1
1,11,9.0931817091557,2.6798663683102832,51,1,0.12487921546041308,1
1,14,22.17577869383582,4.334110151290225,56,1,0.1138143989559674,1
2,8,36.29195450003675,3.138595385168554,43,1,0.08885352416314785,1
2,17,11.528024376995514,2.952387553483188,74,1,0.0826995350744491,1
1,2,36.440396742045216,3.738549460792603,74,1,0.0807731383474457,1
2,1,29.872005698310613,1.5022377936166371,50,1,0.09347482246722982,1
0,7,20.62421707793843,4.149208913890433,35,1,0.08402849192178719,1
1,13,28.89610819791038,3.572013887045916,48,1,0.1263504120756675,1
1,14,33.23608950585511,2.1077199637837,56,1,0.11017468868678393,1
0,13,20.265733923481392,2.1610862908725954,75,1,0.10817051076017647,1
0,11,30.887020120516134,2.646644890852856,46,1,0.10725800997368345,1
0,18,13.126908741794733,2.1191354599370773,44,1,0.07629305652721635,1
2,1,23.306465199171875,1.6352797977649187,55,1,0.10618720578444224,1
17,108,83.05818737422494,159.02441265674565,124,-1,-0.22333584132968776,-1
0,2,23.732413884924878,4.761143190044764,76,1,0.04370750210210561,1
0,18,34.63483418667883,0.7291058008985496,62,1,0.06238583737241121,1
2,14,36.74987763337021,3.6331059916804262,71,1,0.08792069725300583,1
2,7,30.50317710716896,1.4594422179981197,50,1,0.11341902465637854,1
1,10,10.720786817920644,2.6096760058723,73,1,0.11966063447529934,1
2,18,9.019684555682993,4.129222282053439,30,1,0.01459530473477011,1
1,18,26.367373356689495,1.144312343640709,43,1,0.09421832198241059,1
0,11,38.89166122841368,4.657664165292886,30,1,0.02134882080584477,1
0,1,38.521738144618986,1.864926974934561,53,1,0.05004728842174522,1
0,14,17.420887860366967,4.874818988427735,74,1,0.07651633361761379,1
0,19,36.6249156338389,4.679261838916278,41,1,0.05162824379807529,1
2,5,34.26564453477536,1.714515655032637,44,1,0.0925081181902796,1
0,8,11.924214497817774,1.834134191256505,47,1,0.0847591688628071,1
2,11,9.80474605855782,4.082472650036388,55,1,0.10495260773628129,1
0,11,17.882366961924294,2.9920279490388784,42,1,0.11546065150967022,1
1,8,14.010066784001172,0.5213705356890057,40,1,0.06045786718687518,1
2,9,22.60360397898435,1.6396341788581883,54,1,0.12493871959544489,1
0,7,33.40760572669684,4.434717243122559,71,1,0.07737214125979336,1
1,5,29.12136051420234,2.3160448576381216,53,1,0.13034429788022772,1
1,2,35.29350428116466,3.0757317084754674,73,1,0.085690535346779,1
2,1,13.586435278665196,1.4120204395420095,40,1,0.06734237055514314,1
0,1,7.730494694313205,1.7979859843100992,77,1,0.040268528394912795,1
2,5,14.314863892207542,0.5190872714943493,71,1,0.05746011449884114,1
0,7,6.8195987115545735,4.680351882669715,60,1,0.05280824747943691,1
0,18,28.35845137660239,2.7986403991064104,75,1,0.09066181061836781,1
0,17,14.771699470529256,1.985928805328132,68,1,0.09566547080070198,1
1,17,32.71314968722449,3.7016319525821424,48,1,0.10127864848211554,1
1,18,10.0680881667411,2.9164761803923747,35,1,0.07726028853005151,1
2,7,29.06608881244706,2.526721278116908,70,1,0.11366147745436789,1
2,3,6.42513576080702,0.9202601915516436,40,1,0.04463236851221852,1
0,11,36.26695945832376,2.5076489621927283,70,1,0.09072164200443017,1
0,18,37.62694373475131,4.960970717849479,33,1,0.01295499306682879,1
2,7,35.95043806736129,3.615104857753134,68,1,0.09691977245509237,1
0,5,5.655536728188323,3.695062416049145,79,1,0.02550934013474193,1
0,3,35.79540069570298,1.8944136605918889,60,1,0.08586356100744197,1
1,18,32.53128128986026,4.999715459056291,40,1,0.05394891008820124,1
0,7,10.042709946682685,4.521377250123584,62,1,0.07797880367366467,1
2,9,30.44885783108901,3.066954646420532,52,1,0.12349328672249893,1
0,18,16.315581496122427,3.6963330674152193,42,1,0.09433778075522253,1
1,1,25.34212585299732,0.6653014739259955,59,1,0.08395309512031829,1
1,18,20.04890190843463,3.9602164481554185,35,1,0.08308659575468869,1
0,17,24.305109663343245,1.9106582693137315,73,1,0.09596380208064537,1
2,15,24.374366080645395,1.7491977277275517,62,1,0.11354437410337592,1
2,7,7.544154057020172,3.6452059154894703,33,1,0.04788440864011034,1
1,15,14.758142393762064,1.1002694010221667,37,1,0.10149851888609718,1
1,15,39.8061457330537,4.602695005382842,66,1,0.05919014942900447,1
0,4,35.19322240664703,3.336829223474812,49,1,0.09257701857752992,1
0,12,6.258523542305905,1.5252055840367458,33,1,0.04251532335525787,1
0,16,29.121494579686857,3.5961844539240806,62,1,0.11543109820861908,1
2,4,13.797117061805736,2.572960441149067,43,1,0.10586655961305336,1
2,9,17.026946280535224,3.716253793412741,57,1,0.1271962099367971,1
41,98,94.424490157722,191.7811903004675,145,-1,-0.25265262828413804,-1
2,14,6.039849342821225,4.028848725665917,56,1,0.08758172040049661,1
1,18,7.730161093599719,2.8456520231564437,71,1,0.08588432794548784,1
1,5,34.897092898929216,4.007545797788218,42,1,0.099922015300074,1
2,2,14.560824328565726,4.61178392059017,44,1,0.06863902321868137,1
2,18,17.160355400102148,3.289637585519728,52,1,0.09769930805111754,1
1,16,18.15054775550789,1.2469199730260825,46,1,0.10095392572820372,1
1,11,8.11612261691744,4.839306922978093,42,1,0.06784654216003072,1
0,18,35.06486588464672,1.6508412998244983,34,1,0.041553105309425575,1
1,5,15.879206100238024,2.8234036961929765,75,1,0.11046070600950941,1
1,12,19.5028902953456,1.364357767367862,77,1,0.10223794275600184,1
2,9,33.14393391743761,0.7918476803869728,47,1,0.08149910353480583,1
1,17,34.88311116586357,2.778039754944611,58,1,0.10286082781609385,1
0,16,5.961873181260701,2.957755849967328,33,1,0.04093695051445323,1
1,5,14.543865371072568,1.2796024513235786,58,1,0.12118069642446383,1
2,15,27.707574270486884,4.310316397632445,49,1,0.10416977968184798,1
0,9,6.780769731288404,2.156412633526669,44,1,0.08181226361245353,1
2,8,27.696279787998066,3.3897379474435665,53,1,0.12477319479154225,1
2,11,13.063895437068084,4.78070220237438,44,1,0.09315577524770552,1
0,4,21.879000788734626,2.0096925853886534,52,1,0.10903354695491002,1
0,6,16.29570800427109,4.4189068676369,77,1,0.06870417251322714,1
0,12,37.96900459815669,3.692904314563183,38,1,0.06940218172419788,1
1,15,22.037873172120506,4.679044410783212,36,1,0.09161415486482716,1
13,89,89.20751983653255,108.66757296664926,154,-1,-0.20490949522293533,-1
1,11,14.374998243088918,2.705204603743586,49,1,0.13626590721671783,1
1,4,14.245855196851872,3.628347850946553,78,1,0.09355875547785902,1
0,9,26.27237613522227,4.066502783920256,50,1,0.12027087925044505,1
0,14,38.42115925258291,1.649309175673974,65,1,0.06543628003361562,1
1,5,30.14586997724428,2.983764123756723,53,1,0.12761702521911666,1
2,8,27.884343449737216,4.892517479135645,51,1,0.0938535079532769,1
1,10,18.243098179572065,2.0260120435995077,56,1,0.13236709914439743,1
2,1,23.89409326582653,4.937433511690269,59,1,0.05848487530664015,1
2,17,24.587899168622982,3.223731829482439,61,1,0.1069752627817393,1
1,15,31.992690944766725,3.1264119664451973,40,1,0.113263233996648,1
1,15,21.18777610235,0.5907453377359346,77,1,0.06412255700154851,1
2,1,31.99855750582072,4.020575011908841,59,1,0.08409879075769572,1
1,19,10.594959372591813,3.6669520535327673,51,1,0.07829204263662082,1
1,4,18.77120420418793,1.2536839767518422,63,1,0.11890749245058119,1
0,19,20.408534723850973,4.71834141543774,70,1,0.05677608202715445,1
1,8,25.5636026162172,2.7989832537145998,44,1,0.1324527106913605,1
1,3,15.218416547434158,3.6006027135203764,72,1,0.105656207076332,1
0,5,20.56020651080623,3.733925068210152,41,1,0.10264725849719036,1
1,5,5.619891401148444,3.2729428599566117,60,1,0.07978178004946274,1
1,9,36.82092140469942,3.914716753722396,58,1,0.11320831467895098,1
29,87,92.92860140537312,147.98391198529976,115,-1,-0.21305931450214688,-1
0,2,26.122319820346345,3.998661989957861,45,1,0.08427269665841042,1
2,15,8.469607528384168,0.80336272716095,73,1,0.05988756317791899,1
0,7,11.430047807035706,1.011723978389299,74,1,0.05881493924719816,1
2,10,12.357828273066948,1.9316800194713228,47,1,0.10730345001180513,1
0,4,28.736319791417447,4.846271680691747,51,1,0.07921768047164157,1
2,10,37.428140113090365,2.189457060647417,37,1,0.06525952580376176,1
2,16,37.309736183575055,3.174352166784449,73,1,0.07099600762884156,1
1,1,12.902091341692,2.110681613533691,72,1,0.08496737292983286,1
2,16,14.8425717045019,2.316895830576536,33,1,0.0759866727142437,1
2,5,26.557575523405205,1.9748556434222269,62,1,0.12344628869188068,1
0,1,13.145729169203037,3.233266676419167,43,1,0.06599377135983703,1
0,18,29.610979300576503,4.876884956485742,67,1,0.0698493712158944,1
1,15,16.868338950374557,3.395101224738837,53,1,0.13256706777092364,1
1,4,27.67216883575392,3.770252962285982,31,1,0.09177914894971201,1
0,11,37.77346427077689,3.260964633024049,62,1,0.07919614163830552,1
1,16,25.057469274509643,4.938888462991887,50,1,0.09162047677624852,1
0,1,19.679363439074223,3.0641271535328127,65,1,0.08670347459614258,1
0,12,24.480166758490427,4.108632930189279,44,1,0.11273343353190846,1
2,12,7.184932392778365,4.533727626981715,68,1,0.07216835879899725,1
2,5,37.54818955019503,4.899422574140414,34,1,0.026328337510023836,1
1,13,8.394951908259367,2.90037482752873,43,1,0.11388376548297763,1
0,10,39.085959214632354,3.834441947112244,50,1,0.07639199680773573,1
1,1,6.664905825413845,1.7014698201059255,73,1,0.06027998708379689,1
1,14,14.01155790724378,2.1173440834198143,56,1,0.12076690200561246,1
0,9,20.70686057000649,2.0597349950200883,36,1,0.10111079789632582,1
1,11,5.864834496156105,3.745747267635079,39,1,0.09973708176030005,1
1,11,5.426189614268173,0.7351828638772713,64,1,0.056750722808792786,1
1,1,28.68224494203691,2.097715011676163,38,1,0.08344607612601251,1
2,14,10.943444424963838,1.4170353339614734,67,1,0.09994215674914769,1
1,2,9.933671885305676,0.805975286841685,62,1,0.07773542960174384,1
0,3,34.96958893327924,4.78580915360718,77,1,0.033793585205362686,1
0,16,30.208512764285054,2.2810116321816283,77,1,0.08644511519363762,1
1,5,14.757117384616183,4.8605070138119935,32,1,0.05187582335340912,1
2,6,26.154028936021504,3.2756639382109465,57,1,0.12075790913475914,1
0,2,20.643738861694278,3.3326924655473475,36,1,0.07557472681449146,1
0,2,22.419226175339126,1.227784165178752,31,1,0.04131111259291642,1
2,18,23.9484854112744,4.655162981945028,52,1,0.08097631458266769,1
1,6,25.700607780684116,3.951306225231938,71,1,0.12177951486922395,1
2,14,25.87991904063809,3.1534695083710824,42,1,0.11298872071744825,1
2,9,36.19913383010719,4.140805048275378,55,1,0.09645069666814693,1
1,15,24.35578144554174,2.6111247201384207,36,1,0.11516009937777294,1
2,12,34.211467955426016,3.6893937962571153,38,1,0.0908759884585037,1
1,10,37.64240101071555,2.0759059451954918,34,1,0.07803027232303378,1
0,12,17.419581525601604,3.4472284306108043,54,1,0.12256405483067201,1
2,18,39.52773432194854,0.8165375023835967,70,1,0.03468463316536674,1
1,6,22.054080709056237,2.3657031734681144,34,1,0.1077785133258008,1
2,9,30.5987308473899,3.046520850508335,79,1,0.08107412893479493,1
2,16,32.3430723013453,0.8941130095845331,64,1,0.08129662540643762,1
2,12,15.507058230439045,0.6795665356245664,44,1,0.08229155571179059,1
2,9,11.070568185261443,4.709382909131438,79,1,0.050811776163101396,1
2,7,18.25522671810033,1.3635915968757368,50,1,0.11534280432904659,1
1,18,33.9051965854413,1.340771323050442,46,1,0.08309545207489333,1
0,18,30.649625857577888,1.3322943597345518,76,1,0.07301355547874216,1
0,1,6.738960044499873,3.4773567714171167,72,1,0.03921113427763401,1
1,2,30.52791683669747,4.622412999579861,68,1,0.07290677268763701,1
1,13,30.973134543722523,4.903678255296997,31,1,0.06001513810323189,1
1,19,29.918704262699013,4.94699445009408,64,1,0.056850324284893894,1
0,17,25.149049968539565,4.213767570837307,77,1,0.07878712177078495,1
1,17,29.091710028396005,3.9644147940431873,38,1,0.10177004972704179,1
1,9,32.86486336193936,2.995736811262922,76,1,0.09768095868503934,1
0,17,14.68392584495263,1.891534761956721,45,1,0.08675848698019734,1
2,10,8.833402812064977,4.352584376867453,42,1,0.07980890268873714,1
2,1,38.1161185049694,1.7025787075134171,68,1,0.05090793883161726,1
2,19,21.101536806354847,1.507635178081291,48,1,0.06082505627901991,1
2,2,6.141779748917676,0.5112810604465641,72,1,0.015433633516116041,1
2,17,8.224208641772416,4.7928214591273,62,1,0.06558480305805636,1
2,14,30.283562573035542,4.869183907362721,74,1,0.0612832683565353,1
0,5,33.49935479381037,0.670954828233357,67,1,0.06700842246921862,1
25,135,95.56163321797982,158.53489500006043,163,-1,-0.22763829160908122,-1
0,2,22.12416604242372,2.8067314327022754,36,1,0.07261745379653844,1
0,13,16.473251802874902,3.601394020004391,75,1,0.10418817341824405,1
1,15,36.83205356488479,4.227068514118565,32,1,0.07418327443036499,1
0,15,22.924176335333588,0.5487984228220757,67,1,0.06987152518883855,1
2,17,34.57332564930788,3.03878283244825,74,1,0.07688190618781593,1
2,1,35.43258939621889,2.6681037413772795,69,1,0.07473381486565911,1
1,1,27.63583586367536,1.1501293979882246,40,1,0.0774684019396567,1
1,17,9.476768360867943,2.701044714202496,49,1,0.10818249157072213,1
2,13,22.75065976587307,4.258341617725489,54,1,0.11659282814248761,1
0,7,37.25210751984032,4.40431608533349,61,1,0.07618775412114243,1
1,11,24.03180711306389,4.467514999495468,47,1,0.1156414727452213,1
2,2,39.04014688770045,3.971872021013352,46,1,0.036863160165012676,1
0,16,9.386418539473675,1.6910658665758451,71,1,0.08075557611682088,1
0,18,8.807216758941678,4.32409184084161,77,1,0.044090055007782514,1
1,1,19.684102666291377,3.678010192271037,73,1,0.09166438822368023,1
1,7,33.52092915030882,4.663480230912598,45,1,0.09117869297427955,1
1,12,38.97542936784494,0.6306081955197191,41,1,0.0490205131829311,1
0,8,36.10738195527823,0.5198762826089718,50,1,0.05423434817848238,1
2,6,25.474184375831392,2.657084807409368,49,1,0.12175962436954074,1
0,6,33.499959483687704,0.5298076105936357,59,1,0.058922721630114805,1
0,6,12.564201036959956,2.850005700552157,34,1,0.0763948048042078,1
1,17,13.908658701625242,1.532611983971056,30,1,0.05466927043399794,1
2,17,18.891857647860167,2.4023864940979704,65,1,0.1113264834893139,1
1,18,29.942199289182973,3.3044205051077435,54,1,0.10718528819815953,1
1,1,16.989195045021262,2.6780256672926104,72,1,0.09801420247783532,1
1,14,12.309881434516887,1.7030500251069378,56,1,0.11573777500433308,1
2,10,8.170949701715175,1.318473852425194,46,1,0.08143500364375628,1
0,10,35.618986787188575,2.0901943347643326,43,1,0.09448874381961125,1
0,1,18.30261824019433,4.709070098602999,70,1,0.053767775008552454,1
0,17,18.300282797768347,4.36224714149674,74,1,0.08908612195631627,1
0,13,19.02792570320046,4.116019572840408,68,1,0.11133256452258106,1
1,6,25.742624053046956,1.4391184928554956,57,1,0.12679224277192525,1
2,12,8.367465361389797,3.943494000695802,70,1,0.08814361817508914,1
0,19,38.95166980913008,1.3611894597836351,40,1,0.0356720239881666,1
2,16,21.154803859048204,4.791117614851723,44,1,0.08423825604692053,1
1,15,37.92721688429778,1.088534922585267,41,1,0.08373531437938836,1
1,10,13.84241073719875,3.5159310343037555,48,1,0.12611513987407602,1
2,13,19.58763296006928,2.9444809270165675,37,1,0.10519648138233179,1
2,7,21.40621773374091,1.935480478505935,47,1,0.1082929436527666,1
1,10,21.664578176331464,1.646977839741453,77,1,0.11382537391828385,1
2,6,27.56381381149752,3.900363926385156,33,1,0.0846565029697341,1
0,10,9.051329823000334,2.793792561102719,55,1,0.10518973881056704,1
1,15,11.190280064222744,4.742125314144315,72,1,0.08584374226186653,1
2,5,31.29762691368456,4.498018281477027,65,1,0.08519037627561932,1
2,16,34.89538123946301,3.389070334957052,57,1,0.10011773529194479,1
0,6,26.366157256127195,3.247234904322813,77,1,0.08696713728324773,1
2,14,26.570027130178875,4.08937853655194,58,1,0.11472982687266442,1
0,17,18.860814578535464,3.024598368097314,69,1,0.1128618347377589,1
2,9,35.210626324461046,4.85914663131325,60,1,0.08142660236775162,1
1,9,24.267424917090764,4.80733190303457,79,1,0.07471251948847296,1
0,13,7.7409729957209406,0.922481092493071,65,1,0.06387557675585576,1
15,155,90.37895812806114,166.09512654701376,108,-1,-0.2254685686313037,-1
1,17,12.566002924413343,2.6603222961379283,42,1,0.10970004842882092,1
0,10,11.244829057624145,1.357833102585512,49,1,0.09172843827205895,1
2,5,17.23634727387207,1.7562757028185816,66,1,0.1171573045001279,1
0,4,17.651485036156874,4.41994151825497,43,1,0.08638208078857962,1
0,11,21.65661995088644,3.299934783986617,79,1,0.07657167848382923,1
2,15,8.968964919371818,3.697651091885077,41,1,0.08929807859917888,1
2,18,38.673461666279096,4.086901910255115,73,1,0.03521335152985039,1
2,12,38.9913259936754,4.310552974025989,71,1,0.05886542745066159,1
0,12,17.764992706683053,2.18581766097024,38,1,0.10429484401378031,1
2,19,37.5395677932796,2.1800920238955936,49,1,0.04819352321228065,1
1,12,21.08699515751173,2.801791985093933,58,1,0.1388897971233865,1
1,7,33.930532408437614,3.868885850701229,67,1,0.10869958498325727,1
2,10,11.608389363965737,3.9532991462996208,56,1,0.11009436991530275,1
1,13,25.04711634438664,1.1879003269697634,59,1,0.12711456965197165,1
1,2,23.189910043167536,3.8617580997002574,41,1,0.09631366049803086,1
0,9,16.209522585286766,3.664732998168797,31,1,0.06807929345815855,1
0,13,10.366554334348152,3.818765935341044,77,1,0.08193396319526586,1
0,17,16.995187540682775,3.028265938645718,70,1,0.11225292155699523,1
0,16,11.24765459006382,1.8363463832948788,61,1,0.09085060804152428,1
1,7,38.32281327232233,4.743098530290085,55,1,0.07621075588979281,1
1,5,20.28500010722246,1.9181252445349104,53,1,0.1253541143281109,1
1,17,12.333081993234307,0.5010464018342585,73,1,0.04262733923708484,1
1,6,39.85886313732286,4.548036454578575,76,1,0.04522894377496334,1
1,1,25.107251329983693,1.0801032064431684,59,1,0.10390353672039032,1
2,17,18.002430080871143,3.0604547518727663,48,1,0.10556964450250683,1
0,7,13.562252280513096,0.8500151574719788,66,1,0.07643414750827693,1
2,8,16.901877943473195,2.8129251076885824,62,1,0.12930553380543763,1
1,13,13.599557962078288,3.973179846065364,34,1,0.09575875869441314,1
2,12,7.211135580532777,2.283021190271626,44,1,0.09118184248927208,1
2,4,22.69838148669778,1.384215984834397,47,1,0.10096515491802383,1
2,3,27.604546742096176,4.359141388173367,65,1,0.09006891549253992,1
29,113,85.83205164811545,70.0473287791284,142,-1,-0.22266059205203126,-1
0,9,27.345126963521864,4.529885382635054,77,1,0.08448878567925783,1
1,6,31.2940296300882,3.4318852823542443,77,1,0.0875372519775412,1
2,2,28.61450606560545,4.726361668885874,52,1,0.07021822426343727,1
2,4,15.271542343220016,3.004728563600946,61,1,0.12408332895177837,1
2,3,23.67905095868716,3.718575562252744,57,1,0.11271327979545798,1
30,125,87.1456616520141,107.58896318588675,143,-1,-0.20842689468411157,-1
0,15,29.732725098185448,4.989894126865189,54,1,0.08250053629597626,1
1,2,36.78004650157701,2.637254004175282,72,1,0.08363520098237132,1
0,8,37.98769793472232,0.9894885760127868,57,1,0.067098448400359,1
2,5,33.374478166226595,4.6463407620920005,34,1,0.05240548681973489,1
1,10,8.071295485704528,1.6589501752396003,79,1,0.07512632654460588,1
0,16,28.42836472941153,0.9539957912866698,64,1,0.09345790575067592,1
0,15,21.777944811988554,2.6964362389868493,38,1,0.11090752458465836,1
1,11,38.639096639549386,3.755147952581083,46,1,0.0843134344619616,1
0,13,22.94658025957412,3.8564646063733217,50,1,0.11870312145413087,1
2,13,22.272007410194643,1.744621649957917,53,1,0.12104056013572989,1
1,9,34.03569468697789,4.918731257021917,52,1,0.0915564955323574,1
2,13,14.599403347734665,4.761604549832977,58,1,0.10221373545300605,1
0,16,24.778070019570585,1.1788765958387126,72,1,0.09429606799303569,1
1,4,32.917612042955255,4.740468360858007,43,1,0.07686243521139652,1
1,6,39.93459686507895,2.3936590602139227,31,1,0.047205921656232275,1
2,8,34.607730704730145,2.4408290844268925,67,1,0.1063721832347162,1
0,11,10.214947137781468,3.5452784908328643,33,1,0.0738770918281012,1
0,15,8.364129801397382,3.309799471456092,38,1,0.08060883413642234,1
0,19,38.39124260742896,3.1219149789196456,33,1,0.018296421810302,1
2,15,6.068970728671378,1.5553336264157909,40,1,0.06260879413311105,1
1,8,17.228538186962176,1.0221207272243351,78,1,0.08278171263900674,1
2,16,14.482446647995044,2.55775933074121,51,1,0.10982591679450582,1
2,7,27.464431741663304,1.7563723653323828,33,1,0.07706259775100949,1
0,5,15.417294107323093,0.6350740898204614,70,1,0.06648292715683224,1
1,2,6.86727033981728,2.856763034706045,76,1,0.06170670832192171,1
1,14,25.04317949404329,1.4633647598722366,66,1,0.11790431942246954,1
2,8,21.7417823300832,3.118610566536138,62,1,0.12554627374787808,1
0,12,24.06018420631712,2.772872617569352,43,1,0.1194107360301499,1
1,9,7.33005719587025,2.4425628984823917,45,1,0.1072607462873712,1
1,19,5.031592831231155,4.931955846901903,37,1,0.0033121309473681526,1
2,12,15.862386174325817,1.296487758521497,74,1,0.10181060263746461,1
2,7,10.730181338635411,4.550165319701784,65,1,0.08511114640043016,1
2,2,29.221206704295188,4.186151067017796,55,1,0.09178213707063437,1
1,14,18.8241422372266,2.4202480764253,67,1,0.13144202595748805,1
2,4,16.637918856519526,3.507452523248662,73,1,0.10402113911298816,1
2,2,25.97063627089584,1.6112306464324453,62,1,0.11050903845993837,1
2,19,10.45716988140521,4.9920885354557285,63,1,0.03566242528684138,1
2,1,19.630451957463563,3.100722142751957,70,1,0.09393839515944091,1
2,8,5.568297853319815,1.6607988013904116,46,1,0.058882775819350086,1
1,4,17.623480117397477,2.372736128181635,64,1,0.1294921290810227,1
1,18,18.6868249651792,1.0358044401456996,68,1,0.09333728013472836,1
1,19,7.217491458744673,1.153675571455179,39,1,0.05071487166751454,1
2,19,24.42493050306248,1.220593617894417,73,1,0.05418725137749114,1
0,10,22.04264639303161,3.044043770334614,71,1,0.12286126941030745,1
0,11,25.367352147435547,2.942526084790741,56,1,0.12165698289102117,1
0,3,18.87923465195796,3.5231360243092995,49,1,0.09596856410366894,1
2,14,30.42312072035232,2.9860601880814266,34,1,0.08223530584967409,1
2,19,37.957831396689606,2.891753685268864,73,1,0.048059026021054496,1
1,1,32.84723321345978,1.22886342540103,31,1,0.04140584965200944,1
0,15,30.154361472908917,2.4141746232913923,55,1,0.11307426084804006,1
1,16,27.170891927798788,1.0739436230420918,55,1,0.11252498074751727,1
2,18,20.750896155991267,3.421432622469532,34,1,0.07138565242887318,1
2,15,19.30518344163612,2.2542977823071864,53,1,0.12227625076011112,1
1,7,37.918328164217336,3.197066402108476,66,1,0.09667848528395456,1
1,18,13.324240704492588,2.7079377453479108,57,1,0.10170810259452456,1
1,5,10.82644367879252,4.54460296332467,31,1,0.0503021121023165,1
0,11,39.37071363632921,4.418085722651719,75,1,0.04806290885496367,1
0,17,17.106804504183888,1.4705147493288462,78,1,0.07242663875901251,1
2,5,19.005878320790647,1.5971783187382789,62,1,0.11669561463611872,1
1,8,37.699282740547496,1.1788779180704798,46,1,0.08953981594961219,1
0,19,33.18138497151438,2.7637462331507825,75,1,0.06033558640767145,1
0,8,20.160208990225065,2.962840227344366,78,1,0.08421023205444422,1
2,12,14.733663479612584,2.151239353363737,52,1,0.1275873898054899,1
2,9,11.361056540394628,1.2402144387391951,44,1,0.09369497468536792,1
0,8,27.675332755394944,1.89411366183388,31,1,0.06625789809016974,1
2,2,21.825824876190023,1.6958704856657292,34,1,0.06773777883324555,1
0,1,13.452874454883144,2.215076385379267,54,1,0.07695378991727964,1
1,11,26.64074138329349,2.8860219891250054,47,1,0.13401226497409363,1
2,12,17.377999689437004,1.6819697011770087,73,1,0.11361445333875786,1
0,8,30.043127961747995,0.5398894633749196,77,1,0.04094546599995663,1
0,15,22.925855940764677,4.8855470160651295,55,1,0.09381515626715808,1
1,10,28.74474923384335,1.2107397019685389,37,1,0.10602780748249957,1
2,9,23.992975176390885,0.6133390496399689,57,1,0.09798661208644555,1
2,11,17.302275373011547,1.0407860447036263,47,1,0.10195677081498045,1
2,7,19.96875556564753,3.123991357804768,38,1,0.10629067522258495,1
2,1,16.025648471908504,3.3585912850959243,71,1,0.08761724400243465,1
1,3,36.29712320034447,1.3769676723283888,60,1,0.10436801304856796,1
2,6,5.039892502174173,2.043139076253013,52,1,0.057728287403118084,1
0,10,12.863229835483663,4.449215735732441,67,1,0.09549622563736127,1
1,18,39.71502716240759,2.412594963252359,56,1,0.06800458725932818,1
1,17,32.39464132231217,0.8670485933226424,39,1,0.06613107707211935,1
0,6,19.74834312526756,4.4593981677342445,75,1,0.07824216481106833,1
2,18,31.13629946694378,4.056115899763512,34,1,0.058460930118977794,1
2,17,39.805440239749096,1.960903130038119,67,1,0.05324944028757528,1
0,1,19.89461627800237,0.6927667708988534,51,1,0.05349759514277397,1
2,4,34.93571036402122,3.7832951228631977,77,1,0.07280299872158158,1
2,15,7.024326178242426,4.716768194927526,41,1,0.06626237231127619,1
1,14,11.123820853558904,2.6864239511195662,57,1,0.12577728994135223,1
1,7,23.46741956276877,4.584648561014413,71,1,0.10186072911349225,1
1,11,8.811023467314964,2.968055608849756,65,1,0.11727331943093111,1
0,16,29.87778626240405,0.8259268059064797,41,1,0.07170821720478793,1
1,11,5.679611111465885,2.540285841638576,54,1,0.10653897318969113,1
0,7,37.902228185109394,4.64121584834671,46,1,0.06381787070491013,1
2,1,35.441128900905326,3.330718066073,55,1,0.07725585614335417,1
1,15,6.8902068889541415,2.842427228615953,62,1,0.10128056761773857,1
0,2,21.72921423794068,2.0266114803117787,61,1,0.0921286094824641,1
0,14,21.369436266696766,1.4020763450544682,69,1,0.10026096398731549,1
1,6,22.614200312132027,2.8887917571128487,61,1,0.1348782416863969,1
1,2,39.09578502104935,3.4011358066023054,74,1,0.058268087674881786,1
1,17,28.68368591969332,0.8748224077639997,78,1,0.052581420184396044,1
2,1,10.226596567715312,0.5745801361171525,72,1,0.040657436103616273,1
2,2,26.73719517986025,1.6247587566558532,71,1,0.10305887350086124,1
0,14,7.280010027740253,2.778668900243531,53,1,0.08511628196115584,1
0,9,29.13023777125593,2.13784412144762,43,1,0.10937193233979797,1
0,8,29.86057992059717,3.9485487882567303,44,1,0.09881408417908522,1
2,9,31.458862395484157,2.8132352797309386,71,1,0.11157524019303461,1
2,3,31.746685553221678,1.895528527737264,73,1,0.09012526850357883,1
2,11,9.682468682376363,2.3034848118104527,48,1,0.10899146829976386,1
1,4,30.55127999386757,1.432011516137758,71,1,0.10316338054854879,1
2,15,25.159177636344094,4.109509030258914,56,1,0.11861333528320378,1
1,6,25.6524405455076,2.3908811683949915,37,1,0.1227793409215826,1
0,1,23.91751244563682,3.226904894303356,36,1,0.05870368122178049,1
0,18,25.61292183247589,4.301992052439451,54,1,0.09206171820527403,1
0,13,38.44557182124525,1.1012625589697302,72,1,0.04819031363723336,1
1,15,7.220419382351666,2.133927987258507,63,1,0.09930658463747727,1
2,2,13.149308176604832,3.923665668193671,55,1,0.09049930390382044,1
0,12,37.114262425298016,1.760200958128373,37,1,0.07190175468627258,1
2,6,11.354930853200834,3.8948382965745263,74,1,0.07600603984188586,1
22,116,83.29010391488742,116.20257520661396,151,-1,-0.21700297811290625,-1
1,5,18.80904144620516,1.072104498993826,70,1,0.10808386555622551,1
1,9,8.599001180947324,3.117559139735358,78,1,0.08820429597985474,1
0,15,30.363713883803804,0.6199162307516668,71,1,0.07038800439063725,1
2,1,18.173818777304938,3.5871729081188626,32,1,0.04263520957043132,1
1,4,12.394869146999936,2.968080071408184,53,1,0.11711346584803622,1
0,4,12.926896742767156,2.470536421092068,39,1,0.10022582237860567,1
0,12,31.18525118478899,4.083580415652985,54,1,0.10845608896744224,1
2,8,14.869388828136849,4.096611419602052,65,1,0.11120078788359034,1
0,5,5.291177370122237,2.31844263884581,75,1,0.040359062140353674,1
2,16,18.285131479408815,3.456961193283428,71,1,0.1098074404660993,1
0,18,16.39970834657823,1.1719730962836508,56,1,0.08209011940663175,1
2,7,26.55582831564195,3.904807771332592,49,1,0.11672440756039293,1
2,4,8.112820158647235,4.498837082998408,37,1,0.054766564710826304,1
0,17,33.144937300637096,0.8929598488503212,46,1,0.06378653417385372,1
0,5,15.119609289974422,4.522364772995158,51,1,0.08916844624551745,1
0,12,16.34154025929169,3.57652890969392,52,1,0.12003747230820444,1
1,6,12.5715733282766,3.7026726806720185,79,1,0.08562112639680991,1
2,12,14.189653451100552,3.101214749796488,30,1,0.06513388443749335,1
2,12,19.634269474321787,1.7795322608200028,74,1,0.10873409803408102,1
1,17,17.353604396072917,2.701612040089484,30,1,0.07557366515716907,1
1,16,34.2652130623897,4.202369073117956,67,1,0.09487098810270012,1
2,9,17.604340354094575,1.2049046101979082,51,1,0.11967288594688535,1
0,18,10.705749429576104,4.27802458033773,63,1,0.06710184213617104,1
0,4,30.153731139895047,1.2318905607995774,77,1,0.06607302915419389,1
2,13,9.8801578881559,1.1901861000918947,73,1,0.08056251502597556,1
2,2,8.920818181894843,2.644418679425478,59,1,0.07972875380541478,1
1,1,36.148542619525145,4.202431766596908,75,1,0.05808268802776406,1
2,2,6.9707336703099845,2.9038569575902606,78,1,0.0354073899631564,1
0,7,14.821554070834456,4.323488717148505,30,1,0.053720529494590386,1
0,5,31.217913659047788,0.5886455705321532,63,1,0.06798063697512619,1
1,12,38.47181124050705,1.0152220164720869,61,1,0.07755753425750883,1
0,6,35.05728629017017,3.1954266203590818,42,1,0.08343183902512319,1
0,7,24.46479878476639,4.812143841699662,41,1,0.08209248965679533,1
0,13,23.104759837478493,3.630388733839753,36,1,0.09624108440746659,1
2,17,14.81123654411123,2.8623328612666814,57,1,0.11088627978006954,1
1,6,38.09886002501636,3.836403448598797,57,1,0.1007583684988802,1
2,8,35.565651656377895,4.166131666617145,31,1,0.0538931137659826,1
0,3,37.58588767831484,3.288475112539909,71,1,0.06340097417551305,1
2,4,24.44715505942625,2.393887911462756,34,1,0.08846588960735269,1
1,10,24.717546241831087,2.908148886108043,48,1,0.13664114632373947,1
2,2,25.090877812817418,2.925136852340748,40,1,0.0927733777294476,1
2,2,17.74514012005514,2.183084830692388,66,1,0.10782032116821622,1
2,4,18.400299470116728,4.334008454945088,59,1,0.10387249717185515,1
0,9,9.99024182647618,4.06905291978752,55,1,0.0962327317594186,1
0,3,34.47220712667988,1.7034635775042033,44,1,0.08376731178007818,1
2,9,26.93683816403436,2.223825005410509,78,1,0.0946005961273127,1
2,12,23.32410494720444,1.14392848917036,79,1,0.06679223015230995,1
0,14,23.22452010819029,3.9233392972349512,53,1,0.11526543647687115,1
2,17,19.42672107433043,1.5024214229656396,38,1,0.07828843589220469,1
2,6,19.49240796596456,2.206704218259725,55,1,0.12078348475524481,1
1,10,16.318451764162845,3.716848707843401,78,1,0.10515844417141168,1
0,14,11.377285357675213,4.639240669968426,35,1,0.0697728016643081,1
1,14,35.34067169629387,1.5512989682179286,44,1,0.10006581649143181,1
2,10,29.96064541169626,2.156099566462536,47,1,0.10843341921462951,1
1,2,11.534654051871083,3.005127814083216,51,1,0.10197202106959363,1
0,14,11.621969826606117,2.355157385571898,55,1,0.10400406818317331,1
2,17,36.03882839008693,4.451845772136023,45,1,0.06626586178835886,1
1,4,28.69600212103638,4.825970708760516,65,1,0.08694445662727307,1
1,9,13.451308748208763,1.2269658196212057,37,1,0.1037162475919704,1
2,1,37.7773959480066,3.8257136198587904,53,1,0.05514929234777699,1
2,13,25.44700219234813,4.9865143613024605,30,1,0.040019044907777745,1
1,12,5.462579364921631,2.0171325345815325,76,1,0.06209569481961563,1
1,14,26.124908463335505,2.22899721932172,61,1,0.12822596629515826,1
2,1,35.66985281263025,3.178981316484458,60,1,0.07642813769949042,1
2,18,27.913158620299495,4.696766030800444,72,1,0.06269133746697686,1
2,5,23.201627271810228,3.17577907751801,75,1,0.0994571357688519,1
0,2,8.699903252285015,0.5406857220499506,40,1,0.02181725319556438,1
1,6,28.630415255259667,0.6717416036111189,68,1,0.09406996827235486,1
1,11,22.904856975874576,4.483138931806202,52,1,0.1225041450810872,1
0,17,10.341495271112905,2.3338093328347598,51,1,0.08984462924938824,1
1,5,15.35606313334998,1.0099741350356335,72,1,0.09862769007482003,1
1,18,9.78459267930858,4.094203921516485,76,1,0.05378721465430547,1
0,5,32.512554513385425,4.276125327576301,75,1,0.06746628680387295,1
1,7,36.66667509527828,0.6959464251828769,63,1,0.08819453662563909,1
0,8,14.280632612918208,1.0868416928280658,33,1,0.06759264616525917,1
0,16,13.651602117034084,3.7806739018617046,37,1,0.0890671890329614,1
0,8,10.435528183272083,3.020920986185965,44,1,0.09709957316720602,1
0,8,9.51720795896998,3.486937633432205,56,1,0.09793530670342415,1
1,17,8.590082918225953,4.030936482094984,51,1,0.09571769004401626,1
2,16,38.989960538699926,3.979859234434424,50,1,0.0608840255304417,1
0,18,34.41241559882344,4.557124994642141,54,1,0.07639531767886093,1
1,15,17.019832215599656,4.274844878377159,44,1,0.11605830337875883,1
1,10,26.72433188012493,4.623464311884573,42,1,0.1128645862340305,1
0,7,6.521084940551309,3.513589839304532,48,1,0.07238463622059638,1
1,17,35.37744490924396,1.26307110452056,42,1,0.08533262980763645,1
0,9,11.52916964923151,1.473904037049064,35,1,0.07276927474998623,1
2,3,24.833697287444004,0.8609554305668332,76,1,0.0771414748194868,1
1,15,13.270716079126638,2.372815913901228,77,1,0.10936640778844192,1
1,5,35.506258267760174,2.50487941559498,48,1,0.1077737137334489,1
1,5,15.524806536823656,4.424607017527686,76,1,0.08388794856671594,1
2,1,35.39999672550992,2.463012058842521,78,1,0.051970567520550515,1
1,14,37.25888351504235,2.506044425423042,31,1,0.06968834249298905,1
1,5,34.02955592790993,4.044122397556336,62,1,0.10727402528013386,1
0,9,9.666736789175207,4.502977055756071,43,1,0.0833076109443125,1
1,6,26.337832001479185,4.234724987214842,38,1,0.11086800710323069,1
2,17,9.028065108185867,2.7180724766357107,59,1,0.09142199496775122,1
2,6,33.98027114718768,1.7488188895454595,68,1,0.0987640703782946,1
1,14,25.89393883057481,4.0432471427373935,37,1,0.11321276934251223,1
2,9,32.55463895654456,1.0807520320994644,59,1,0.11489513190121253,1
2,4,32.27246431905729,1.947534035841062,75,1,0.08900660711506869,1
1,9,26.53193823597616,1.558765944298241,34,1,0.10514850624892974,1
47,177,87.1359902986846,145.15892925227257,161,-1,-0.24331738601632535,-1
2,7,36.07642166440182,1.885258485196528,72,1,0.08525433099353513,1
0,12,11.848070868084402,3.5347188032387145,50,1,0.11332128579979389,1
0,4,21.03268819600707,1.869049554025085,50,1,0.10763368899450565,1
1,3,10.860244494812113,4.231979235449501,40,1,0.08104513940787617,1
0,6,32.28466541579749,4.836438874409596,63,1,0.07534014888509621,1
1,7,22.902118438562376,1.4958022953408587,44,1,0.11507477609824834,1
2,10,24.24050263491892,3.575668959398669,67,1,0.12453249054016524,1
2,19,9.633070030523026,3.082350795371876,45,1,0.06256353333168096,1
0,15,33.72160543503854,2.197759793110994,31,1,0.05639093037842724,1
0,8,26.61674732210276,1.0301533389833328,75,1,0.09263588988420901,1
1,6,6.687118428523472,3.939710827647941,34,1,0.06934136134169566,1
1,1,17.075149305806143,1.664334457774977,60,1,0.1059843854044682,1
0,9,38.65123368455626,1.000323589483746,44,1,0.058693568384414974,1
0,4,16.82432740376457,2.061757936686197,59,1,0.1040787156534968,1
0,17,34.8469661710773,0.7709891110067018,44,1,0.060640469471834324,1
0,15,23.725637601228364,4.141964268120702,30,1,0.06829135129217645,1
0,3,15.167472864665331,3.923170582463342,42,1,0.0878587368221716,1
1,14,6.158815570610448,1.6479694196604415,44,1,0.09208887900898083,1
1,4,22.583977526499982,3.007666866209468,30,1,0.07977897282460594,1
0,18,35.371463092775755,4.000799563538521,52,1,0.08179967784263381,1
0,16,23.79736420357268,0.5785447359249276,41,1,0.0634602292604941,1
1,5,17.713887127591683,2.659430712595585,64,1,0.13473072084611448,1
2,11,14.979199925729748,0.5620461468932232,70,1,0.07137504133856704,1
0,17,16.732494225233115,3.915287409841664,33,1,0.07207751751511648,1
0,5,17.432286091451218,4.6745738339908485,58,1,0.08276621319447786,1
2,18,34.91666194860557,1.903778226069672,58,1,0.08241754036493859,1
0,2,17.12952110215877,2.155569906235652,73,1,0.0818778395948867,1
2,18,16.80249149664362,2.1145619379424563,64,1,0.09408777819842218,1
2,1,34.12715283838126,4.143895863200701,39,1,0.04691707052351435,1
0,6,33.08993060425091,0.640507842696987,79,1,0.03637216176243818,1
2,13,27.7549055932008,3.0062789894712547,62,1,0.12651324430407118,1
0,3,21.88764335077428,2.4860072283607133,68,1,0.10244209204002586,1
2,12,17.410035237778935,4.557914683945543,46,1,0.10238097920604267,1
2,2,9.967876601574108,0.8935175024674523,59,1,0.06486010213941157,1
2,12,36.48439436021874,3.4544132342221303,69,1,0.09497339003003391,1
1,10,12.037837077334943,2.0262550869528884,43,1,0.11664950272671831,1
1,14,5.845347739416401,2.5920934191709923,42,1,0.09864277103323343,1
0,15,11.145082867466527,1.896035441691534,43,1,0.09455259172742614,1
1,6,6.435948995746402,0.9362193158949303,42,1,0.07312755739461824,1
0,2,16.161436669667502,1.484475965719065,59,1,0.0778247019038606,1
0,4,17.581642001817723,2.5579254002531164,53,1,0.10530376114553963,1
0,8,34.301406505391704,3.6797106214269104,35,1,0.07401228067369864,1
0,12,28.177747555237584,2.739195166804836,66,1,0.12185849445320096,1
1,16,7.487042867555429,1.4697118623752103,33,1,0.05786488503786602,1
0,14,17.585845617380055,1.5742187263708969,75,1,0.10031583867608446,1
1,16,39.69862017619903,1.2392335944304875,36,1,0.05179132279000065,1
0,10,7.519305836858058,3.559104906103784,59,1,0.08879962513002027,1
0,16,21.02608240751882,4.948225611649406,76,1,0.0661770595132114,1
1,14,22.43207285626244,1.0505482885120678,56,1,0.11345378236938575,1
2,17,9.450002595182434,3.846046436720528,64,1,0.09381047363390649,1
0,7,19.02304789693076,0.5038705556644768,43,1,0.06321616672117891,1
0,6,10.341297931678175,3.5583527823678405,68,1,0.09619842654265248,1
2,7,35.14015590965582,0.7783554281647742,49,1,0.0702509247204805,1
1,9,13.197335926205632,2.3022044329165965,69,1,0.12595355197251473,1
0,10,25.111353256238207,1.0555622456602651,32,1,0.06763868152708846,1
1,11,18.4246812395365,1.8994918972188175,52,1,0.13372022228576413,1
0,16,31.647880553146805,0.5563339039072708,45,1,0.057705854233643716,1
2,15,15.015668434888898,2.7322544522060075,77,1,0.09164998305356703,1
0,18,22.807904550933845,3.2897831712839265,77,1,0.07976839774052241,1
0,7,34.97984220087801,3.0008179806745314,52,1,0.09286833941168166,1
1,9,11.21037399375663,2.489203323577441,41,1,0.11700357635678443,1
2,12,15.89516947371039,3.4908997395163714,56,1,0.13183696550436513,1
1,18,25.848066714409576,2.361968509417033,63,1,0.11053287385559685,1
2,3,21.55399135218045,1.863536951312294,43,1,0.10363360841332037,1
1,15,7.915039172964272,2.540116084891593,33,1,0.08556975162553976,1
0,19,15.004818735144248,3.523524218224224,37,1,0.07144862993373957,1
0,3,37.91416821106498,4.898264130403239,40,1,0.038423401818001635,1
1,10,32.315462228369526,4.011641913537441,71,1,0.11188602342097487,1
2,3,10.437114388818294,0.7093849047190657,35,1,0.04343474911067602,1
0,9,16.065533484678163,2.28609992502448,45,1,0.11043059577481767,1
2,14,10.082435398313338,2.026554102718904,44,1,0.09298478344860933,1
0,16,36.05731098247372,2.6769167846670747,39,1,0.0869407521479102,1
1,1,24.21472814634141,4.380350239545676,76,1,0.06531613605505648,1
2,8,27.80958501490837,3.935220727106641,70,1,0.10659480899787332,1
2,6,6.54146407141992,2.082399701299746,39,1,0.06124174311026975,1
1,5,29.671092136461382,0.556491924015283,79,1,0.05010060951817219,1
2,8,26.53031791770045,3.0407764882812387,34,1,0.09641812398996552,1
2,13,15.2077342779805,3.408679006994474,36,1,0.10279319358527356,1
1,13,17.50843694208362,4.559192499096725,53,1,0.11248819017248207,1
1,4,25.417161998536084,3.898296501557061,78,1,0.0956598118926113,1
2,16,10.440657413804832,1.6490931098219914,62,1,0.0994216190379611,1
2,1,19.46175501745137,0.5279414908497618,53,1,0.056226904647870724,1
0,7,8.00610244273232,1.030703228926109,40,1,0.05951201364688774,1
0,13,13.154077875420164,3.5331056292274954,41,1,0.10802569981797139,1
2,16,23.7340805738138,3.625808486191832,74,1,0.09838767447102453,1
0,1,17.49866603346279,1.923624384315704,77,1,0.06409023509597545,1
0,16,23.8271107468148,4.856748271911396,55,1,0.09587179840080912,1
2,9,38.6394576352817,3.920117231912705,52,1,0.07776648078390247,1
0,17,31.41511273740564,1.4879699443046548,72,1,0.07954730905433682,1
1,7,5.9597658257608686,3.3693095147677026,41,1,0.09060399795750684,1
1,2,39.75784502082908,1.772188567491784,59,1,0.07640575758089763,1
2,5,15.408578234318057,2.5438440590284928,52,1,0.12304853600693799,1
1,7,8.21633189436513,3.8133870038752256,65,1,0.10679333579977934,1
0,5,5.953722628600638,1.21710331825094,43,1,0.05628294022187874,1
1,12,34.58648498046189,4.511197747342725,46,1,0.09429589650170334,1
2,13,26.83397124156929,1.2178336372235443,53,1,0.10888208763004847,1
1,2,31.830923468196826,3.4167890097157185,78,1,0.07169866787605578,1
46,70,85.67070358898296,50.76407449640664,185,-1,-0.24166821342414313,-1
2,12,12.240117623520996,1.5565297533998788,64,1,0.11119380473795654,1
0,12,27.78112217987333,2.9050283972058657,54,1,0.1236186493843488,1
1,19,31.52070664275452,2.0753237327551317,33,1,0.061153477177147475,1
2,7,7.685533583485164,4.730289984602338,61,1,0.06594140626227679,1
1,6,29.468508162091176,3.935239846671832,57,1,0.12834159086973318,1
0,7,35.34122151400223,3.0780082883034248,30,1,0.04682958819479255,1
2,2,27.682562054442258,3.8396251663221577,46,1,0.0918276073993648,1
1,2,12.444675684082778,2.6501516884000647,62,1,0.10398692249875907,1
2,4,12.595492748118575,4.130135156892703,50,1,0.09839463125845355,1
1,19,17.958624544221635,3.2120418357565765,60,1,0.09081340852976422,1
2,4,27.559363431270125,1.2778706530004431,70,1,0.10719603853931903,1
1,10,30.693570399341183,2.4769118593614605,40,1,0.11604139788673223,1
2,15,6.656710346660298,2.589163548632589,48,1,0.087842270136534,1
0,18,19.082369451542128,2.4919649281564515,31,1,0.04480170703864872,1
0,14,19.62388871981949,4.61145826537106,59,1,0.1045647431722378,1
1,15,11.570865786074268,2.764283336382447,48,1,0.12622219206861934,1
1,12,25.24670353854327,2.69244469278023,65,1,0.1387858634569764,1
1,16,6.379957501571119,4.424933267467675,53,1,0.08407801612875315,1
0,19,12.036656905446844,3.122470213105063,79,1,0.03493277529560501,1
0,11,9.4629098449009,4.780886921785123,53,1,0.07389692203255793,1
0,6,23.051728651397887,0.9990616781368652,53,1,0.0965145287861705,1
0,19,25.53437220879823,4.095104282839216,44,1,0.07896832786590285,1
1,18,24.17772317096572,4.548419924195269,68,1,0.07440082751523447,1
1,18,37.81483998305836,1.1088044657814862,53,1,0.07403715867452954,1
2,10,26.31657429987742,2.4041974887239137,72,1,0.1228683313501398,1
0,16,31.462987132143653,2.695183408842722,42,1,0.09855220326027048,1
1,13,29.286537073985773,4.379557420682361,71,1,0.10266753021807556,1
2,2,22.47074345716416,1.5935496715288515,32,1,0.05294855308626201,1
0,5,22.36031267508602,0.9487432685682846,62,1,0.09223214440944555,1
2,19,5.190290858035954,4.224625164497212,51,1,0.028637043201721668,1
2,15,34.61593827727641,2.4075217537256552,72,1,0.09725610319541939,1
0,8,24.572741406058224,3.744396735781249,36,1,0.09647188800358897,1
0,5,13.457420490727436,4.394766159487963,48,1,0.08184788377749874,1
1,19,18.454581102590467,4.818223942686754,50,1,0.05913797741640747,1
27,96,95.24609566926434,114.12419305678084,188,-1,-0.23408890225693224,-1
0,1,31.687114519810144,1.546650587239469,63,1,0.07352849204827422,1
0,19,5.325935570080732,4.027405036760511,33,1,-0.0016228805474283181,-1
0,4,36.588624695674014,1.2595924022229867,70,1,0.06480178336476922,1
0,15,5.614344878416803,2.628039997457409,49,1,0.06420543851056171,1
0,6,18.29180955166448,1.1691985137548162,65,1,0.09350985294757602,1
0,17,22.268052840876205,4.554700321700185,34,1,0.06133680884075188,1
1,13,25.85609985477283,1.9384036113242629,61,1,0.1299277986889717,1
1,15,6.820122923909072,4.3068620170986325,34,1,0.07340026498932184,1
0,17,14.785890070098224,3.307299700430635,54,1,0.1034001435676336,1
2,14,6.189910962297671,4.166406848220401,55,1,0.08701846711226119,1
1,2,35.51468264354196,3.3457599974265446,44,1,0.0868196006732686,1
0,3,34.70956697627438,0.8073561752651903,41,1,0.06292428782106518,1
2,5,8.377023490381585,2.9178056667588157,39,1,0.08314212696861345,1
1,9,5.841679945608707,3.810311416953761,75,1,0.07880705479610828,1
2,9,26.904842119038403,1.1542193165373509,53,1,0.12016515233507152,1
1,13,20.525378067653183,1.2480678388531108,40,1,0.1111273938989315,1
