login_attempts_per_min,files_accessed_per_min,cpu_usage_avg,network_out_mb,process_count,label
2,2,10.010929057832499,1.4368272109039886,59,1
2,5,16.319575850033395,0.901791167585064,78,1
2,15,33.17970078806397,4.471082882352134,56,1
0,11,16.676422053647073,0.7546891918703686,43,1
1,11,19.61670161059763,2.7049319515182466,75,1
1,9,18.273710340553613,2.9708155259950177,65,1
1,11,24.73051274281891,0.764260255424764,43,1
1,8,11.683193109119756,2.008418092899637,42,1
0,11,35.785913199990915,0.6981517862615454,40,1
0,4,35.93626014310097,4.646674114586533,37,1
2,14,16.428160288316647,1.4633269374224909,52,1
2,14,15.08209371026697,3.4821360513676525,61,1
1,17,27.223255674628632,4.981573875579338,73,1
2,1,36.17434995848539,1.2591690400060507,48,1
41,148,88.02803445647345,98.5575856892757,159,-1
2,1,15.945343002136292,1.1579670151407067,63,1
0,17,24.30061414881593,2.018671233078828,32,1
1,10,37.2256393706803,4.488479796539342,72,1
2,9,27.159832752285336,0.8066264221376216,56,1
2,2,15.347635167539787,4.420539544058304,63,1
2,3,32.63290705890044,1.8522046822129925,52,1
0,11,16.988438628249714,3.5331019140406688,44,1
2,10,8.312124767838412,3.9674946862652343,32,1
0,16,13.321012940398651,3.2068034728419925,66,1
1,19,39.99806002346071,4.96233649606959,67,1
2,4,21.372319430000527,3.532633988882759,37,1
0,2,7.319498920899033,4.337106561924841,66,1
2,18,10.148939336643345,1.1258554262078895,46,1
0,6,30.5082080574085,0.9223014612258826,55,1
1,14,9.462017817162483,4.027096761445906,33,1
2,10,38.96352473946919,3.4511888384960665,66,1
0,1,12.237600544618363,3.338797503203535,49,1
0,6,8.247137792819155,0.679110622008493,71,1
2,7,14.487133713733344,3.898557503546707,30,1
20,114,88.8413749527552,62.8751778609958,159,-1
1,3,38.6084178731351,1.9245020965274517,52,1
2,3,20.475494628772125,0.6643162434297829,38,1
2,3,36.42435241329868,1.5172493653721457,73,1
0,2,37.61978532792449,2.5693528032909203,61,1
2,18,28.04165435441289,1.8125594211926237,48,1
2,5,11.74301233876099,2.296942058382282,45,1
1,11,21.2273113089897,1.0455551196763908,53,1
1,3,20.027431305207667,2.6610679093635023,67,1
0,2,36.21504423589424,1.6885632527092527,40,1
1,4,21.064096287317582,4.30106201378003,37,1
2,17,38.13060891638048,3.5149005920865597,55,1
0,18,36.84486563846951,3.993982843194503,37,1
0,19,5.978093297919147,2.5380055303199254,79,1
1,5,28.834135124898875,1.6952184879968266,71,1
1,18,6.256942857783696,3.944084174995702,68,1
1,13,36.68443700141425,3.4202693620468985,50,1
0,13,16.066363817079026,0.7937493311013559,64,1
0,1,23.828552457951602,4.2073989308090844,58,1
1,2,27.98129467723816,3.380530466248811,58,1
1,9,10.633085737491346,2.8489674617366987,42,1
0,16,18.151417937935413,2.4566297656243306,73,1
2,19,13.644541237483494,0.5653080401057983,67,1
0,4,34.13557811412225,0.6965263202041955,53,1
0,17,5.085884913924105,1.2691984310148166,43,1
2,8,35.214450942935265,4.790925447872331,56,1
1,12,27.883195585866723,2.4983362734746146,62,1
0,14,8.07466247765804,1.139938067507132,52,1
1,13,16.01077999554363,4.61804200387071,62,1
0,1,6.185425501029071,3.1499514693264867,53,1
2,16,17.778137525907944,1.812263077655274,62,1
1,7,39.198564801041655,2.407885319030177,60,1
0,2,28.767605995296584,1.7112722059523793,76,1
2,4,12.441346417836558,0.8513834817319915,38,1
0,7,37.84441817584386,0.9784556077846831,40,1
0,1,10.721390813656708,4.425650857724371,78,1
1,4,26.841024848870664,3.6685484275546365,57,1
2,5,10.349073538661091,4.32572636891808,66,1
2,16,7.951695416817975,3.626282346732274,57,1
1,6,37.31824386160412,1.777537780330402,53,1
33,184,95.77023608013944,128.00382215390232,158,-1
1,2,31.77300044090654,3.9704506425519037,42,1
0,18,21.95127392252639,3.946067703492299,74,1
1,10,20.548362540826812,4.571148726699133,38,1
1,11,29.69014059947278,4.499296048553793,62,1
2,16,35.32873592442813,2.080013494169208,67,1
0,15,11.35065984330127,4.35804626781222,54,1
1,3,39.20120283809128,2.1384260287342265,46,1
1,11,10.909962835001291,1.4939378946677961,77,1
1,11,24.175937267036954,3.729043126671593,42,1
0,19,24.311596446318962,0.5789713996342613,58,1
2,2,32.0030243922275,0.9367610137710471,69,1
0,7,27.35672723856463,3.1898250919241313,66,1
0,8,7.712940937682891,2.463002523422713,68,1
2,13,22.459039860502795,1.9767253994237262,52,1
2,8,15.120245563515997,4.763503588031874,48,1
2,14,17.81338113736247,4.454312349549355,61,1
2,1,39.86153096097357,1.8320542944978604,72,1
0,5,24.160278202667946,2.2273311067374544,73,1
1,9,7.833575358725975,0.8958573277798173,73,1
1,6,10.281984260071777,3.2179447042729588,39,1
0,5,18.832975516459605,0.7435108852427157,54,1
2,10,34.79753297254831,4.367681942817906,39,1
2,5,38.0570207010413,0.8131450834103333,54,1
1,18,37.179769882361484,1.2117799537440277,79,1
0,13,15.474483429421136,4.92847829752622,54,1
0,6,15.495159466769861,3.5622423752088697,52,1
0,12,19.031554134202025,1.2766639378293647,79,1
0,15,21.127586806207383,2.674268654170694,48,1
0,19,30.6551635992922,2.227156316079039,45,1
2,11,36.658342589936154,4.436197537740467,70,1
2,14,31.977696754479332,0.6313291734287951,62,1
2,2,13.216379082322801,1.4467299658513497,69,1
0,16,17.08724344206895,2.9550688076651466,76,1
0,11,12.497541016255376,1.6891356826437316,47,1
0,16,8.34899183412616,2.3925345820874515,38,1
1,1,36.74268160550368,2.6238275848569184,65,1
2,11,6.829145045583924,1.566530686442989,33,1
2,12,15.293408094321746,2.238931854390802,35,1
2,16,22.854755796355402,1.6748746418857947,44,1
2,4,17.710539883181866,1.1444376195004742,36,1
24,78,90.21194904206521,128.23281056281834,194,-1
0,11,7.41256670709659,1.7508348736539414,67,1
2,13,7.384893603370191,3.9291923847682906,50,1
1,8,37.687630245981694,0.5526073045717328,67,1
2,9,22.790397416879067,0.5413385510359938,53,1
0,4,19.288704153379655,4.58339719768043,55,1
1,19,32.35946930071729,4.884682168667062,44,1
0,3,5.351485088612987,4.57184301121017,56,1
2,14,21.385139339051094,2.00117441870845,71,1
2,18,23.754569809611187,1.2812626264984714,50,1
2,11,7.91656463679621,3.427269132109221,46,1
1,8,20.532204489531956,1.0907503720554312,47,1
2,13,32.934393040793864,2.737274036462266,37,1
2,7,17.099610332189286,1.9921883274750214,77,1
1,3,17.33736108207846,1.3045887583367355,39,1
2,1,32.64063621123342,4.123931143176522,36,1
1,18,38.88340604790151,4.921815496355864,51,1
2,7,33.34196479544151,2.5546824757421867,37,1
1,7,5.537677039167638,1.2631679834359,31,1
2,9,23.414187994031572,4.990274596791804,45,1
2,18,5.9651263318584,4.807555685664464,67,1
1,15,27.047481390744853,3.1126809624683114,50,1
2,13,25.048265697872854,0.7677165107798435,50,1
2,15,20.01546623821087,4.289694700309743,77,1
2,13,16.110338916512617,4.06799073379146,59,1
1,12,14.792062316684035,2.549462859768535,42,1
2,14,23.826535016313706,4.079172711584926,35,1
1,9,6.461298736135195,4.771186980038852,34,1
1,17,32.39835412772534,1.7555297855693122,44,1
0,18,34.909129457338814,0.5472585427729508,68,1
1,7,36.8568131231067,3.4540953140801385,51,1
0,18,20.03418428730081,1.104697676405774,75,1
2,12,14.588837626794309,2.0007029114058956,64,1
0,2,26.546785973353256,4.866839951974629,43,1
2,15,13.766811986681521,1.6536538863141992,65,1
1,17,30.023680490512778,1.299297739349764,52,1
1,17,12.130082757085175,1.4533402387329015,60,1
2,2,39.81726396811062,2.142872956698157,40,1
2,10,17.5342714561027,1.9957749652187675,32,1
0,10,25.29316415622138,4.09310732591526,62,1
1,3,30.646273472420607,1.1707776301556077,78,1
1,7,30.700148105462894,2.836745760210638,39,1
1,6,7.610096457803925,4.830779274859269,72,1
1,1,9.227122957999764,3.9779846999180943,67,1
0,4,9.881714484000026,2.0079509018005726,71,1
2,13,32.355311682324725,4.437245033401318,78,1
2,8,16.677535317009436,1.5245329957281104,38,1
0,3,38.08375355511789,4.628351087845158,42,1
0,12,22.507722323430887,2.729125630073536,68,1
0,5,11.888605911141639,3.3864004388331055,48,1
0,16,21.2215817133577,3.3669676329660043,67,1
1,15,6.061074599686134,1.7598755459590123,53,1
1,10,25.697824410838024,3.795157181493262,73,1
1,7,26.35981297548249,3.98522189651846,60,1
1,17,29.518558770378593,1.9959314308613978,53,1
0,4,37.42462085770855,2.9271907455976227,32,1
0,15,38.88028269576498,3.9560596155046994,77,1
0,4,12.449621987072355,2.795089853772575,41,1
2,5,32.877218096981466,4.880867917814756,61,1
0,18,27.441703187647338,4.146244675980119,72,1
2,9,32.476584202554406,0.9600335368667412,75,1
2,13,38.299303628710035,0.8230535156623403,44,1
2,9,7.040346472412931,4.167887210188146,42,1
0,4,28.417452138618536,2.3393550546762265,67,1
0,10,37.928575664219466,2.476520232147534,37,1
0,4,11.735492248469747,1.0135098221928183,56,1
2,9,12.79908359691862,3.658653827370271,75,1
2,17,19.464660334554154,2.6762063569713503,54,1
1,8,29.39567810981789,4.401521675598866,39,1
2,15,13.864356371008702,3.0805287388810507,70,1
2,6,11.669985349444714,1.889429856997392,67,1
2,16,20.890162153909486,3.730718461061553,61,1
2,12,14.260283275322253,3.6293956927360997,56,1
1,3,9.452275671770058,3.99082470032911,70,1
0,13,38.0003684084929,4.838762730000134,57,1
2,16,39.803943474739256,1.2581270524978003,70,1
1,14,30.249392460252636,3.734878898673836,79,1
0,3,30.10416928578605,2.4555932820544535,68,1
0,12,19.448793539569106,1.0812908222351947,33,1
1,9,5.965887979879734,3.5329481549096413,36,1
2,5,22.61933563595786,4.291216927744081,33,1
2,12,32.771549545551274,3.807315625388381,61,1
1,1,21.817411513582186,1.3190311320896175,51,1
0,14,9.972204544504958,4.741108283076893,65,1
0,12,27.82605089087949,4.428018833870265,40,1
2,9,5.986042693957731,1.4481282327708862,75,1
0,11,33.49844792012625,2.946580187318856,48,1
0,13,30.66765507536387,4.752963260054821,59,1
1,14,27.4929984409804,2.910415086753865,52,1
1,9,25.440685472360975,4.412485729440373,65,1
0,3,7.548058174478884,2.9120579216744957,42,1
1,19,30.120652090114124,1.6320539094727053,70,1
0,14,39.91792797518042,1.3077458636385362,32,1
0,9,19.37724095703738,4.991886233691099,72,1
2,13,21.296414393243772,4.7292920057615815,43,1
0,7,21.05044872631601,1.0851309501460742,73,1
0,14,37.001580567606474,3.7094593086479524,64,1
2,1,25.00826189262739,2.1536509507031845,58,1
1,17,13.424227999324462,2.6556708635196715,45,1
0,1,6.073418154860511,3.719040085547713,30,1
2,2,28.863122167162437,2.6612662959631965,61,1
1,17,10.158912087276205,2.4678208051278747,45,1
2,4,11.433155459594879,0.5823614755677005,77,1
35,195,98.92834177674006,118.19669933472076,157,-1
1,9,36.92682217981947,1.6491863851569248,65,1
0,9,33.86114073349978,3.1357047764437325,75,1
1,18,7.270667795857297,3.3686437335004364,45,1
2,14,28.645641459149658,0.6664518187548605,59,1
0,5,11.730756993868997,4.237638407055581,32,1
2,4,21.698547868462384,2.5065367071069327,44,1
1,17,13.379062255561223,1.7543700081959916,50,1
2,18,28.955292004862372,3.5079851389584604,63,1
0,12,30.229495245578438,3.9550036817904854,63,1
2,19,16.221798712558734,0.8083603413895084,73,1
1,11,8.121230414588101,1.8489445406782596,74,1
0,11,30.91632889030094,3.960678388246631,72,1
0,17,9.21360760658495,2.5954398389906,51,1
2,16,17.50961776813132,3.596947572417676,77,1
19,103,91.49562309580584,157.11881521372834,142,-1
2,13,28.154919293341123,2.2178771450061383,78,1
1,15,21.0048756960546,3.859892493421659,68,1
2,8,31.464104700152653,1.7743414367375865,38,1
2,15,37.395768157747824,1.3572347751868639,50,1
1,18,36.76173130864004,1.926229013633401,58,1
1,15,15.911490663770895,1.6178725806049385,55,1
1,3,31.600100950637344,3.7169167882829908,53,1
1,1,9.53846087777234,1.46740160915687,42,1
1,16,26.305615044048245,0.575750446575728,67,1
1,15,21.99762441463647,4.195749994759395,31,1
0,2,30.25172089777406,4.005512953744048,31,1
1,6,10.054419044692011,3.3133392640750055,44,1
0,13,20.46008096014618,3.204133808936776,55,1
1,2,24.416631345587483,2.254636871356424,72,1
1,1,20.01765922586108,4.212471046036249,43,1
1,4,9.925937525536634,2.055332953939776,71,1
2,8,28.634054440999627,3.926202661269857,47,1
1,4,14.81959373222695,1.0627201449648584,60,1
0,2,33.94213687312127,2.022160314400404,69,1
0,16,22.549360378139895,2.669478294841498,79,1
0,11,34.25535354522154,2.0664199339469853,54,1
2,12,39.99233130528761,4.414172625634287,59,1
2,4,7.982934917014791,2.448673703947059,60,1
2,5,27.919056515315237,2.766320737397222,37,1
0,9,20.234664355925723,1.2641666694407894,60,1
0,1,20.39464394032074,2.4024254155213254,64,1
2,12,15.220450173888407,2.8626368762841157,62,1
1,2,34.93298020487056,4.266948809207957,56,1
0,7,23.415147817841806,1.2288189550733741,38,1
1,18,20.853573339569756,4.0999446286291965,78,1
2,7,23.166301650953688,4.214850177816222,33,1
0,14,36.409327575604095,2.789264693386801,30,1
0,13,20.8119036445028,1.441751826540963,50,1
1,3,16.51500506732433,1.4599748786538649,51,1
20,133,94.79510435694252,136.68104671332185,170,-1
2,16,33.619538530742695,0.5902461172489106,72,1
1,3,22.636131662770072,3.8862394095964077,46,1
0,8,36.36518538175888,0.8124842571178426,67,1
1,2,28.270715911949537,3.9869511882266795,40,1
0,5,8.614374389499854,4.326909387775444,77,1
1,14,25.741146179513578,2.4538016293207763,31,1
0,12,33.47677240929233,1.296864744683495,32,1
0,2,26.500656649924306,1.491468743070767,38,1
2,7,10.435403275887438,0.9929789352177862,71,1
1,1,35.16496838053794,1.0700984037834145,64,1
2,4,38.366879670332445,0.5616667780917006,53,1
2,9,27.75796385000985,2.2508991415595103,58,1
0,12,12.642684233659338,2.8075592895536863,42,1
0,12,36.423235363876024,4.161711521103285,37,1
2,6,36.578643793216926,4.145573740807083,79,1
1,19,32.75278363941137,4.48315654588337,61,1
2,4,19.799638854746597,3.537879887563645,77,1
2,19,34.99625534283908,3.917430396523637,35,1
0,19,11.61318130635646,4.367948436793796,51,1
1,9,7.607615594555359,3.691456441169035,30,1
33,185,96.84142562878978,178.31926380638689,195,-1
0,8,15.145167548559305,2.5801823380438824,72,1
0,7,12.55283822355344,3.198320193170729,42,1
2,11,27.37828319894881,2.1143838697753194,64,1
2,19,39.85324739230591,4.489223976031522,40,1
2,17,17.872776908552005,3.2058294533417833,69,1
2,9,12.930607465124204,2.796605290398841,68,1
2,17,35.5002743700872,2.7284907400535134,63,1
0,8,36.4766934092783,1.8220157734236848,62,1
0,9,26.89790521367535,1.1165593486808982,73,1
1,5,27.884211290768537,2.7343299392630627,62,1
0,15,12.666805654993752,1.6226847627235508,37,1
0,13,34.50936908849955,3.836245125797264,51,1
1,11,12.897013003521543,4.003570818705359,62,1
1,5,26.76046901202741,4.556962497401136,77,1
2,1,22.28428194223947,0.9914693610582997,45,1
2,7,24.507965989485346,2.9004152451728933,75,1
1,13,30.770135629286628,2.7083850308186883,67,1
1,13,5.860321406877546,1.0391649081017689,35,1
2,18,8.053776433087375,4.180292364887321,56,1
0,14,29.9250285213385,1.042851248699493,50,1
1,3,29.904900525962105,1.4523810792699836,45,1
2,5,23.31960648116198,4.610352172821012,51,1
2,11,20.137053373722594,3.9458077484929825,72,1
1,2,6.323523125965985,1.177914662505235,47,1
0,5,5.800050562124875,2.450747882812576,32,1
2,10,19.939530174369832,4.90621719034252,40,1
1,8,26.04557317018464,1.755661211448679,52,1
1,4,35.990115214580854,2.750232344982758,35,1
0,16,21.44340651108972,2.5078303606124,35,1
2,11,14.579999519563502,4.5758624832327195,53,1
0,16,33.198406867726995,3.0203022296709205,56,1
1,13,10.390224085921657,1.993109331432108,77,1
0,19,27.79127160830346,2.9517861279470057,50,1
0,16,22.742803913074713,3.8594259497929313,72,1
2,10,10.700625641392799,3.377961448972846,66,1
0,13,25.957971626400674,4.02500902308295,71,1
1,14,11.971750270248378,2.429276961800733,52,1
0,16,34.92461581431232,3.166432481456466,74,1
2,14,34.60910855496929,1.3779879364589935,50,1
1,4,16.464305843178096,4.004247764652153,48,1
1,13,32.87554827202377,1.730775437267152,47,1
2,6,29.14516917001049,4.392425274369345,36,1
1,7,17.920637241720687,0.6982189446163647,32,1
1,6,15.656225799106346,2.6392660885845056,72,1
1,12,6.200054812935971,3.6025268270147843,42,1
1,11,12.131039432417476,1.6816209982952992,74,1
2,5,34.13727064671737,3.0434999733657957,41,1
0,16,29.295595889669876,1.9429492083302637,73,1
2,5,21.230299607729147,3.314180009299581,71,1
2,6,18.314644441777496,1.2199948854866818,36,1
1,19,25.3724650322847,2.270465293179718,72,1
2,1,26.10650763057551,1.230952101486747,73,1
1,8,33.48700203835128,4.441668175315224,31,1
1,2,30.825605852371677,1.555212668427894,34,1
1,1,17.35980505846721,4.536078583660087,51,1
1,15,11.609971235365654,0.6450490328611336,63,1
2,7,16.005048046328508,3.4242879292743287,36,1
0,12,10.211530797811182,1.8675363081358802,72,1
1,4,30.728830988148378,1.8518211505119098,64,1
1,17,28.375265139270052,4.1846878025351,43,1
0,2,31.186145316032604,1.7522376359012999,44,1
2,1,19.89858597383314,1.2640577811537104,53,1
2,13,20.39554826803755,1.2419528772199013,53,1
2,16,21.22369881825118,4.674245425555035,43,1
2,4,34.708753316098054,2.1839211565114613,63,1
2,10,25.818325531495116,1.225332975895046,60,1
1,16,10.141602890547109,1.7150625568033855,50,1
1,11,28.55070854124721,2.003452540192113,42,1
1,16,29.098866088995216,1.892524448392947,37,1
0,19,36.47515794366083,2.6179721509898863,33,1
2,14,6.43236580184889,2.9048262204454534,31,1
1,7,32.54994885046269,2.3381578723993863,60,1
1,3,7.872706662027779,2.216305302516331,39,1
1,19,17.615917441473375,4.089083090859296,70,1
1,7,34.470785052228436,3.221650392105951,37,1
2,8,33.428085757812305,3.2672785811223974,32,1
1,19,21.341202199808116,3.070237123913934,65,1
0,3,23.175660090853512,2.688924884213466,41,1
2,4,34.68595053905909,2.257891149710201,64,1
0,19,28.547714364509126,1.1006934757268623,77,1
1,10,6.355348725279834,1.1964569786436137,32,1
2,16,17.502996676512947,2.8407136629743652,32,1
2,9,38.79033136047594,3.5804405189045654,63,1
0,6,37.508881174040525,4.34167947932921,74,1
2,11,27.62229607602141,3.050915360415407,69,1
2,9,21.63999189904413,2.7766454704795116,59,1
0,12,20.495212703316177,2.204053784655702,77,1
1,9,23.337264734569395,1.7318468455330418,73,1
0,5,10.525123553793268,1.959719101755855,49,1
1,15,30.938881964531284,1.9143103134852177,73,1
0,5,18.749734550093994,3.243540945449394,74,1
1,11,9.0931817091557,2.6798663683102832,51,1
1,14,22.17577869383582,4.334110151290225,56,1
2,8,36.29195450003675,3.138595385168554,43,1
2,17,11.528024376995514,2.952387553483188,74,1
1,2,36.440396742045216,3.738549460792603,74,1
2,1,29.872005698310613,1.5022377936166371,50,1
0,7,20.62421707793843,4.149208913890433,35,1
1,13,28.89610819791038,3.572013887045916,48,1
1,14,33.23608950585511,2.1077199637837,56,1
0,13,20.265733923481392,2.1610862908725954,75,1
0,11,30.887020120516134,2.6466448908528557,46,1
0,18,13.126908741794733,2.1191354599370773,44,1
2,1,23.306465199171875,1.6352797977649187,55,1
17,108,83.05818737422494,159.02441265674565,124,-1
0,2,23.732413884924874,4.761143190044764,76,1
0,18,34.63483418667883,0.7291058008985496,62,1
2,14,36.749877633370204,3.6331059916804267,71,1
2,7,30.50317710716896,1.4594422179981197,50,1
1,10,10.720786817920644,2.6096760058723,73,1
2,18,9.019684555682991,4.129222282053439,30,1
1,18,26.367373356689498,1.144312343640709,43,1
0,11,38.89166122841368,4.657664165292886,30,1
0,1,38.521738144618986,1.864926974934561,53,1
0,14,17.420887860366967,4.874818988427735,74,1
0,19,36.6249156338389,4.679261838916278,41,1
2,5,34.26564453477536,1.714515655032637,44,1
0,8,11.924214497817774,1.834134191256505,47,1
2,11,9.80474605855782,4.082472650036388,55,1
0,11,17.882366961924294,2.9920279490388784,42,1
1,8,14.010066784001173,0.5213705356890057,40,1
2,9,22.60360397898435,1.6396341788581883,54,1
0,7,33.40760572669684,4.434717243122559,71,1
1,5,29.12136051420234,2.3160448576381216,53,1
1,2,35.29350428116466,3.0757317084754674,73,1
2,1,13.586435278665196,1.4120204395420095,40,1
0,1,7.730494694313205,1.7979859843100992,77,1
2,5,14.314863892207542,0.5190872714943493,71,1
0,7,6.8195987115545735,4.680351882669715,60,1
0,18,28.35845137660239,2.7986403991064104,75,1
0,17,14.771699470529256,1.985928805328132,68,1
1,17,32.71314968722449,3.7016319525821424,48,1
1,18,10.0680881667411,2.9164761803923747,35,1
2,7,29.06608881244706,2.526721278116908,70,1
2,3,6.42513576080702,0.9202601915516435,40,1
0,11,36.266959458323754,2.5076489621927283,70,1
0,18,37.62694373475131,4.960970717849479,33,1
2,7,35.95043806736129,3.615104857753134,68,1
0,5,5.655536728188323,3.6950624160491445,79,1
0,3,35.79540069570298,1.8944136605918889,60,1
1,18,32.53128128986026,4.999715459056291,40,1
0,7,10.042709946682685,4.521377250123584,62,1
2,9,30.448857831089015,3.066954646420532,52,1
0,18,16.315581496122427,3.6963330674152193,42,1
1,1,25.342125852997317,0.6653014739259955,59,1
1,18,20.04890190843463,3.9602164481554185,35,1
0,17,24.305109663343245,1.9106582693137315,73,1
2,15,24.374366080645395,1.7491977277275517,62,1
2,7,7.544154057020172,3.6452059154894703,33,1
1,15,14.758142393762064,1.1002694010221667,37,1
1,15,39.806145733053704,4.602695005382842,66,1
0,4,35.19322240664703,3.3368292234748114,49,1
0,12,6.258523542305905,1.5252055840367458,33,1
0,16,29.121494579686857,3.5961844539240806,62,1
2,4,13.797117061805736,2.572960441149067,43,1
2,9,17.026946280535224,3.7162537934127404,57,1
41,98,94.42449015772199,191.7811903004675,145,-1
2,14,6.039849342821225,4.028848725665917,56,1
1,18,7.730161093599719,2.8456520231564433,71,1
1,5,34.897092898929216,4.007545797788218,42,1
2,2,14.560824328565726,4.61178392059017,44,1
2,18,17.160355400102148,3.2896375855197277,52,1
1,16,18.150547755507894,1.2469199730260825,46,1
1,11,8.11612261691744,4.839306922978093,42,1
0,18,35.06486588464672,1.6508412998244983,34,1
1,5,15.879206100238024,2.8234036961929765,75,1
1,12,19.502890295345598,1.364357767367862,77,1
2,9,33.14393391743761,0.7918476803869728,47,1
1,17,34.88311116586357,2.778039754944611,58,1
0,16,5.961873181260701,2.9577558499673278,33,1
1,5,14.543865371072568,1.2796024513235786,58,1
2,15,27.707574270486884,4.310316397632445,49,1
0,9,6.780769731288404,2.156412633526669,44,1
2,8,27.696279787998062,3.3897379474435665,53,1
2,11,13.063895437068084,4.78070220237438,44,1
0,4,21.879000788734622,2.0096925853886534,52,1
0,6,16.29570800427109,4.4189068676369,77,1
0,12,37.96900459815669,3.692904314563183,38,1
1,15,22.037873172120506,4.679044410783212,36,1
13,89,89.20751983653255,108.66757296664926,154,-1
1,11,14.374998243088918,2.705204603743586,49,1
1,4,14.245855196851872,3.628347850946553,78,1
0,9,26.27237613522227,4.066502783920256,50,1
0,14,38.42115925258291,1.649309175673974,65,1
1,5,30.145869977244278,2.983764123756723,53,1
2,8,27.884343449737216,4.892517479135645,51,1
1,10,18.243098179572062,2.0260120435995073,56,1
2,1,23.894093265826534,4.937433511690269,59,1
2,17,24.587899168622986,3.223731829482439,61,1
1,15,31.992690944766725,3.1264119664451973,40,1
1,15,21.187776102349996,0.5907453377359346,77,1
2,1,31.99855750582072,4.020575011908841,59,1
1,19,10.594959372591813,3.6669520535327673,51,1
1,4,18.77120420418793,1.2536839767518422,63,1
0,19,20.408534723850973,4.71834141543774,70,1
1,8,25.5636026162172,2.7989832537145993,44,1
1,3,15.218416547434158,3.6006027135203764,72,1
0,5,20.56020651080623,3.733925068210152,41,1
1,5,5.619891401148444,3.2729428599566113,60,1
1,9,36.82092140469942,3.914716753722396,58,1
29,87,92.92860140537312,147.98391198529976,115,-1
0,2,26.122319820346345,3.9986619899578604,45,1
2,15,8.469607528384168,0.80336272716095,73,1
0,7,11.430047807035706,1.011723978389299,74,1
2,10,12.357828273066948,1.9316800194713228,47,1
0,4,28.736319791417447,4.846271680691747,51,1
2,10,37.428140113090365,2.189457060647417,37,1
2,16,37.309736183575055,3.174352166784449,73,1
1,1,12.902091341692001,2.110681613533691,72,1
2,16,14.8425717045019,2.316895830576536,33,1
2,5,26.557575523405205,1.9748556434222269,62,1
0,1,13.145729169203035,3.233266676419167,43,1
0,18,29.610979300576506,4.876884956485742,67,1
1,15,16.868338950374557,3.395101224738837,53,1
1,4,27.67216883575392,3.770252962285982,31,1
0,11,37.77346427077689,3.260964633024049,62,1
1,16,25.057469274509643,4.938888462991887,50,1
0,1,19.679363439074223,3.0641271535328127,65,1
0,12,24.480166758490427,4.1086329301892786,44,1
2,12,7.184932392778365,4.533727626981715,68,1
2,5,37.548189550195026,4.899422574140414,34,1
1,13,8.394951908259367,2.90037482752873,43,1
0,10,39.085959214632354,3.834441947112244,50,1
1,1,6.664905825413845,1.7014698201059257,73,1
1,14,14.01155790724378,2.1173440834198143,56,1
0,9,20.70686057000649,2.0597349950200883,36,1
1,11,5.864834496156105,3.745747267635079,39,1
1,11,5.426189614268173,0.7351828638772713,64,1
1,1,28.68224494203691,2.097715011676163,38,1
2,14,10.943444424963838,1.4170353339614734,67,1
1,2,9.933671885305676,0.805975286841685,62,1
0,3,34.96958893327924,4.78580915360718,77,1
0,16,30.208512764285054,2.2810116321816283,77,1
1,5,14.757117384616183,4.8605070138119935,32,1
2,6,26.154028936021504,3.2756639382109465,57,1
0,2,20.643738861694274,3.3326924655473475,36,1
0,2,22.419226175339126,1.227784165178752,31,1
2,18,23.948485411274397,4.655162981945028,52,1
1,6,25.700607780684113,3.9513062252319386,71,1
2,14,25.879919040638086,3.1534695083710824,42,1
2,9,36.19913383010719,4.140805048275378,55,1
1,15,24.35578144554174,2.6111247201384207,36,1
2,12,34.211467955426016,3.6893937962571153,38,1
1,10,37.64240101071555,2.0759059451954913,34,1
0,12,17.419581525601604,3.4472284306108043,54,1
2,18,39.52773432194854,0.8165375023835967,70,1
1,6,22.054080709056233,2.3657031734681144,34,1
2,9,30.5987308473899,3.046520850508335,79,1
2,16,32.3430723013453,0.8941130095845331,64,1
2,12,15.507058230439043,0.6795665356245664,44,1
2,9,11.070568185261443,4.709382909131438,79,1
2,7,18.255226718100335,1.3635915968757368,50,1
1,18,33.9051965854413,1.340771323050442,46,1
0,18,30.649625857577888,1.3322943597345518,76,1
0,1,6.738960044499873,3.4773567714171167,72,1
1,2,30.52791683669747,4.622412999579861,68,1
1,13,30.973134543722523,4.903678255296997,31,1
1,19,29.918704262699013,4.9469944500940795,64,1
0,17,25.149049968539565,4.213767570837307,77,1
1,17,29.091710028396005,3.9644147940431873,38,1
1,9,32.864863361939356,2.995736811262922,76,1
0,17,14.68392584495263,1.8915347619567213,45,1
2,10,8.833402812064977,4.352584376867453,42,1
2,1,38.1161185049694,1.7025787075134173,68,1
2,19,21.101536806354847,1.507635178081291,48,1
2,2,6.141779748917676,0.5112810604465641,72,1
2,17,8.224208641772416,4.7928214591273,62,1
2,14,30.283562573035546,4.869183907362721,74,1
0,5,33.49935479381037,0.670954828233357,67,1
25,135,95.56163321797982,158.53489500006043,163,-1
0,2,22.12416604242372,2.8067314327022754,36,1
0,13,16.473251802874902,3.601394020004391,75,1
1,15,36.83205356488479,4.227068514118565,32,1
0,15,22.924176335333588,0.5487984228220757,67,1
2,17,34.573325649307876,3.0387828324482506,74,1
2,1,35.43258939621889,2.6681037413772795,69,1
1,1,27.63583586367536,1.1501293979882246,40,1
1,17,9.476768360867943,2.701044714202496,49,1
2,13,22.75065976587307,4.258341617725489,54,1
0,7,37.25210751984032,4.40431608533349,61,1
1,11,24.03180711306389,4.467514999495468,47,1
2,2,39.04014688770045,3.971872021013352,46,1
0,16,9.386418539473677,1.6910658665758453,71,1
0,18,8.807216758941678,4.32409184084161,77,1
1,1,19.684102666291377,3.6780101922710364,73,1
1,7,33.52092915030882,4.663480230912598,45,1
1,12,38.97542936784494,0.6306081955197191,41,1
0,8,36.10738195527823,0.5198762826089718,50,1
2,6,25.474184375831392,2.657084807409368,49,1
0,6,33.499959483687704,0.5298076105936357,59,1
0,6,12.564201036959957,2.850005700552157,34,1
1,17,13.908658701625242,1.5326119839710561,30,1
2,17,18.891857647860167,2.4023864940979704,65,1
1,18,29.942199289182973,3.3044205051077435,54,1
1,1,16.989195045021262,2.6780256672926104,72,1
1,14,12.309881434516889,1.7030500251069378,56,1
2,10,8.170949701715175,1.318473852425194,46,1
0,10,35.618986787188575,2.0901943347643326,43,1
0,1,18.302618240194334,4.709070098602999,70,1
0,17,18.300282797768347,4.36224714149674,74,1
0,13,19.02792570320046,4.116019572840408,68,1
1,6,25.742624053046953,1.4391184928554956,57,1
2,12,8.367465361389797,3.943494000695802,70,1
0,19,38.95166980913008,1.3611894597836351,40,1
2,16,21.154803859048204,4.791117614851723,44,1
1,15,37.92721688429778,1.088534922585267,41,1
1,10,13.84241073719875,3.5159310343037555,48,1
2,13,19.58763296006928,2.9444809270165675,37,1
2,7,21.40621773374091,1.935480478505935,47,1
1,10,21.664578176331464,1.646977839741453,77,1
2,6,27.563813811497518,3.900363926385156,33,1
0,10,9.051329823000334,2.793792561102719,55,1
1,15,11.190280064222744,4.742125314144315,72,1
2,5,31.29762691368456,4.498018281477027,65,1
2,16,34.89538123946301,3.389070334957052,57,1
0,6,26.366157256127195,3.247234904322813,77,1
2,14,26.570027130178875,4.08937853655194,58,1
0,17,18.860814578535464,3.024598368097314,69,1
2,9,35.210626324461046,4.85914663131325,60,1
1,9,24.267424917090764,4.80733190303457,79,1
0,13,7.7409729957209406,0.922481092493071,65,1
15,155,90.37895812806114,166.09512654701376,108,-1
1,17,12.566002924413343,2.6603222961379283,42,1
0,10,11.244829057624143,1.357833102585512,49,1
2,5,17.23634727387207,1.7562757028185816,66,1
0,4,17.651485036156874,4.41994151825497,43,1
0,11,21.65661995088644,3.299934783986617,79,1
2,15,8.968964919371818,3.6976510918850765,41,1
2,18,38.673461666279096,4.086901910255115,73,1
2,12,38.9913259936754,4.310552974025989,71,1
0,12,17.764992706683053,2.1858176609702396,38,1
2,19,37.5395677932796,2.1800920238955936,49,1
1,12,21.08699515751173,2.801791985093933,58,1
1,7,33.930532408437614,3.868885850701229,67,1
2,10,11.608389363965735,3.9532991462996208,56,1
1,13,25.047116344386637,1.1879003269697634,59,1
1,2,23.189910043167536,3.8617580997002583,41,1
0,9,16.209522585286766,3.6647329981687964,31,1
0,13,10.366554334348152,3.8187659353410437,77,1
0,17,16.995187540682775,3.028265938645718,70,1
0,16,11.24765459006382,1.8363463832948788,61,1
1,7,38.32281327232233,4.743098530290085,55,1
1,5,20.28500010722246,1.9181252445349106,53,1
1,17,12.333081993234309,0.5010464018342585,73,1
1,6,39.85886313732286,4.548036454578575,76,1
1,1,25.107251329983693,1.0801032064431684,59,1
2,17,18.002430080871143,3.0604547518727663,48,1
0,7,13.562252280513096,0.8500151574719788,66,1
2,8,16.901877943473195,2.8129251076885824,62,1
1,13,13.599557962078288,3.973179846065364,34,1
2,12,7.211135580532777,2.2830211902716266,44,1
2,4,22.69838148669778,1.384215984834397,47,1
2,3,27.604546742096176,4.359141388173367,65,1
29,113,85.83205164811545,70.0473287791284,142,-1
0,9,27.345126963521864,4.529885382635054,77,1
1,6,31.2940296300882,3.4318852823542443,77,1
2,2,28.61450606560545,4.726361668885874,52,1
2,4,15.271542343220016,3.004728563600946,61,1
2,3,23.679050958687156,3.718575562252744,57,1
30,125,87.1456616520141,107.58896318588675,143,-1
0,15,29.732725098185448,4.989894126865189,54,1
1,2,36.780046501577004,2.637254004175282,72,1
0,8,37.98769793472232,0.9894885760127867,57,1
2,5,33.374478166226595,4.6463407620920005,34,1
1,10,8.071295485704528,1.6589501752396005,79,1
0,16,28.428364729411534,0.9539957912866698,64,1
0,15,21.777944811988554,2.6964362389868493,38,1
1,11,38.639096639549386,3.755147952581083,46,1
0,13,22.946580259574116,3.8564646063733217,50,1
2,13,22.272007410194643,1.744621649957917,53,1
1,9,34.03569468697789,4.918731257021917,52,1
2,13,14.599403347734663,4.761604549832977,58,1
0,16,24.778070019570585,1.1788765958387126,72,1
1,4,32.917612042955255,4.740468360858007,43,1
1,6,39.93459686507895,2.3936590602139227,31,1
2,8,34.607730704730145,2.4408290844268925,67,1
0,11,10.214947137781468,3.5452784908328643,33,1
0,15,8.364129801397382,3.309799471456092,38,1
0,19,38.391242607428964,3.1219149789196456,33,1
2,15,6.068970728671378,1.5553336264157909,40,1
1,8,17.228538186962176,1.0221207272243351,78,1
2,16,14.482446647995044,2.55775933074121,51,1
2,7,27.464431741663304,1.7563723653323828,33,1
0,5,15.417294107323093,0.6350740898204614,70,1
1,2,6.86727033981728,2.8567630347060455,76,1
1,14,25.04317949404329,1.4633647598722366,66,1
2,8,21.741782330083197,3.118610566536138,62,1
0,12,24.060184206317118,2.772872617569352,43,1
1,9,7.33005719587025,2.4425628984823913,45,1
1,19,5.031592831231155,4.931955846901903,37,1
2,12,15.862386174325815,1.296487758521497,74,1
2,7,10.730181338635411,4.550165319701784,65,1
2,2,29.221206704295188,4.186151067017796,55,1
1,14,18.8241422372266,2.4202480764253,67,1
2,4,16.637918856519526,3.507452523248662,73,1
2,2,25.970636270895838,1.6112306464324453,62,1
2,19,10.45716988140521,4.9920885354557285,63,1
2,1,19.630451957463563,3.100722142751957,70,1
2,8,5.568297853319815,1.6607988013904116,46,1
1,4,17.623480117397477,2.372736128181635,64,1
1,18,18.6868249651792,1.0358044401456996,68,1
1,19,7.217491458744673,1.153675571455179,39,1
2,19,24.424930503062477,1.220593617894417,73,1
0,10,22.04264639303161,3.044043770334614,71,1
0,11,25.367352147435547,2.942526084790741,56,1
0,3,18.879234651957958,3.5231360243092995,49,1
2,14,30.42312072035232,2.9860601880814266,34,1
2,19,37.957831396689606,2.891753685268864,73,1
1,1,32.84723321345978,1.22886342540103,31,1
0,15,30.154361472908914,2.4141746232913923,55,1
1,16,27.170891927798788,1.0739436230420918,55,1
2,18,20.750896155991267,3.421432622469532,34,1
2,15,19.305183441636117,2.2542977823071864,53,1
1,7,37.918328164217336,3.197066402108476,66,1
1,18,13.324240704492588,2.7079377453479108,57,1
1,5,10.82644367879252,4.54460296332467,31,1
0,11,39.37071363632921,4.4180857226517185,75,1
0,17,17.106804504183888,1.4705147493288462,78,1
2,5,19.005878320790647,1.5971783187382789,62,1
1,8,37.699282740547496,1.1788779180704798,46,1
0,19,33.18138497151438,2.7637462331507825,75,1
0,8,20.160208990225062,2.962840227344366,78,1
2,12,14.733663479612584,2.151239353363737,52,1
2,9,11.361056540394628,1.2402144387391953,44,1
0,8,27.675332755394944,1.8941136618338796,31,1
2,2,21.825824876190026,1.6958704856657292,34,1
0,1,13.452874454883144,2.215076385379267,54,1
1,11,26.64074138329349,2.8860219891250054,47,1
2,12,17.377999689437004,1.6819697011770087,73,1
0,8,30.043127961747995,0.5398894633749196,77,1
0,15,22.925855940764674,4.8855470160651295,55,1
1,10,28.74474923384335,1.2107397019685389,37,1
2,9,23.992975176390885,0.6133390496399689,57,1
2,11,17.302275373011547,1.0407860447036263,47,1
2,7,19.968755565647534,3.123991357804768,38,1
2,1,16.025648471908504,3.3585912850959243,71,1
1,3,36.29712320034447,1.3769676723283888,60,1
2,6,5.039892502174173,2.043139076253013,52,1
0,10,12.863229835483663,4.449215735732441,67,1
1,18,39.71502716240759,2.412594963252359,56,1
1,17,32.39464132231217,0.8670485933226424,39,1
0,6,19.748343125267557,4.4593981677342445,75,1
2,18,31.13629946694378,4.056115899763512,34,1
2,17,39.805440239749096,1.960903130038119,67,1
0,1,19.894616278002374,0.6927667708988534,51,1
2,4,34.93571036402122,3.7832951228631977,77,1
2,15,7.024326178242426,4.716768194927526,41,1
1,14,11.123820853558904,2.6864239511195662,57,1
1,7,23.467419562768775,4.584648561014413,71,1
1,11,8.811023467314964,2.968055608849756,65,1
0,16,29.877786262404054,0.8259268059064797,41,1
1,11,5.679611111465885,2.5402858416385756,54,1
0,7,37.902228185109394,4.64121584834671,46,1
2,1,35.441128900905326,3.330718066073,55,1
1,15,6.8902068889541415,2.8424272286159535,62,1
0,2,21.72921423794068,2.0266114803117787,61,1
0,14,21.369436266696766,1.4020763450544682,69,1
1,6,22.614200312132027,2.8887917571128487,61,1
1,2,39.095785021049345,3.4011358066023054,74,1
1,17,28.68368591969332,0.8748224077639997,78,1
2,1,10.226596567715312,0.5745801361171525,72,1
2,2,26.737195179860255,1.6247587566558532,71,1
0,14,7.2800100277402535,2.778668900243531,53,1
0,9,29.130237771255935,2.1378441214476194,43,1
0,8,29.86057992059717,3.9485487882567307,44,1
2,9,31.458862395484154,2.8132352797309386,71,1
2,3,31.746685553221674,1.895528527737264,73,1
2,11,9.682468682376365,2.3034848118104527,48,1
1,4,30.551279993867574,1.432011516137758,71,1
2,15,25.159177636344094,4.109509030258914,56,1
1,6,25.652440545507602,2.3908811683949915,37,1
0,1,23.91751244563682,3.226904894303356,36,1
0,18,25.612921832475894,4.301992052439451,54,1
0,13,38.44557182124525,1.1012625589697302,72,1
1,15,7.2204193823516665,2.133927987258507,63,1
2,2,13.149308176604833,3.923665668193671,55,1
0,12,37.114262425298016,1.760200958128373,37,1
2,6,11.354930853200834,3.8948382965745263,74,1
22,116,83.29010391488742,116.20257520661397,151,-1
1,5,18.80904144620516,1.072104498993826,70,1
1,9,8.599001180947324,3.117559139735358,78,1
0,15,30.363713883803804,0.6199162307516668,71,1
2,1,18.173818777304938,3.5871729081188626,32,1
1,4,12.394869146999937,2.968080071408184,53,1
0,4,12.926896742767157,2.470536421092068,39,1
0,12,31.18525118478899,4.083580415652985,54,1
2,8,14.869388828136849,4.096611419602052,65,1
0,5,5.291177370122237,2.31844263884581,75,1
2,16,18.285131479408818,3.4569611932834277,71,1
0,18,16.39970834657823,1.1719730962836508,56,1
2,7,26.55582831564195,3.904807771332592,49,1
2,4,8.112820158647235,4.498837082998408,37,1
0,17,33.144937300637096,0.8929598488503212,46,1
0,5,15.119609289974422,4.522364772995158,51,1
0,12,16.34154025929169,3.57652890969392,52,1
1,6,12.5715733282766,3.7026726806720185,79,1
2,12,14.189653451100552,3.101214749796488,30,1
2,12,19.634269474321787,1.7795322608200028,74,1
1,17,17.353604396072917,2.7016120400894836,30,1
1,16,34.2652130623897,4.202369073117956,67,1
2,9,17.604340354094575,1.2049046101979082,51,1
0,18,10.705749429576105,4.27802458033773,63,1
0,4,30.153731139895047,1.2318905607995774,77,1
2,13,9.8801578881559,1.1901861000918947,73,1
2,2,8.920818181894843,2.644418679425478,59,1
1,1,36.148542619525145,4.2024317665969075,75,1
2,2,6.9707336703099845,2.9038569575902606,78,1
0,7,14.821554070834456,4.323488717148505,30,1
0,5,31.217913659047788,0.5886455705321532,63,1
1,12,38.47181124050705,1.0152220164720869,61,1
0,6,35.05728629017017,3.1954266203590818,42,1
0,7,24.46479878476639,4.812143841699662,41,1
0,13,23.104759837478493,3.6303887338397525,36,1
2,17,14.81123654411123,2.8623328612666814,57,1
1,6,38.09886002501636,3.8364034485987966,57,1
2,8,35.565651656377895,4.166131666617145,31,1
0,3,37.58588767831484,3.2884751125399094,71,1
2,4,24.44715505942625,2.3938879114627554,34,1
1,10,24.717546241831087,2.908148886108043,48,1
2,2,25.090877812817418,2.925136852340748,40,1
2,2,17.74514012005514,2.1830848306923882,66,1
2,4,18.400299470116728,4.334008454945088,59,1
0,9,9.99024182647618,4.06905291978752,55,1
0,3,34.472207126679876,1.7034635775042033,44,1
2,9,26.936838164034356,2.223825005410509,78,1
2,12,23.32410494720444,1.14392848917036,79,1
0,14,23.224520108190294,3.9233392972349512,53,1
2,17,19.42672107433043,1.5024214229656396,38,1
2,6,19.49240796596456,2.206704218259725,55,1
1,10,16.318451764162845,3.716848707843401,78,1
0,14,11.377285357675213,4.639240669968426,35,1
1,14,35.34067169629387,1.5512989682179286,44,1
2,10,29.96064541169626,2.1560995664625358,47,1
1,2,11.534654051871083,3.005127814083216,51,1
0,14,11.621969826606115,2.355157385571898,55,1
2,17,36.03882839008693,4.451845772136023,45,1
1,4,28.69600212103638,4.825970708760516,65,1
1,9,13.451308748208765,1.2269658196212057,37,1
2,1,37.7773959480066,3.8257136198587904,53,1
2,13,25.44700219234813,4.9865143613024605,30,1
1,12,5.4625793649216305,2.0171325345815325,76,1
1,14,26.124908463335505,2.2289972193217196,61,1
2,1,35.66985281263025,3.178981316484458,60,1
2,18,27.913158620299498,4.696766030800444,72,1
2,5,23.201627271810228,3.17577907751801,75,1
0,2,8.699903252285015,0.5406857220499506,40,1
1,6,28.630415255259667,0.6717416036111189,68,1
1,11,22.904856975874576,4.483138931806202,52,1
0,17,10.341495271112903,2.3338093328347593,51,1
1,5,15.356063133349979,1.0099741350356335,72,1
1,18,9.78459267930858,4.094203921516485,76,1
0,5,32.512554513385425,4.276125327576301,75,1
1,7,36.66667509527828,0.6959464251828769,63,1
0,8,14.280632612918208,1.0868416928280658,33,1
0,16,13.651602117034084,3.7806739018617046,37,1
0,8,10.435528183272083,3.020920986185965,44,1
0,8,9.51720795896998,3.4869376334322055,56,1
1,17,8.590082918225953,4.030936482094984,51,1
2,16,38.989960538699926,3.979859234434424,50,1
0,18,34.41241559882344,4.557124994642141,54,1
1,15,17.019832215599656,4.274844878377159,44,1
1,10,26.72433188012493,4.623464311884573,42,1
0,7,6.521084940551309,3.513589839304532,48,1
1,17,35.37744490924396,1.26307110452056,42,1
0,9,11.52916964923151,1.473904037049064,35,1
2,3,24.833697287444004,0.8609554305668332,76,1
1,15,13.270716079126638,2.3728159139012277,77,1
1,5,35.506258267760174,2.5048794155949796,48,1
1,5,15.524806536823656,4.424607017527686,76,1
2,1,35.39999672550992,2.463012058842521,78,1
1,14,37.25888351504235,2.506044425423042,31,1
1,5,34.02955592790993,4.044122397556336,62,1
0,9,9.666736789175207,4.502977055756071,43,1
1,6,26.337832001479182,4.234724987214842,38,1
2,17,9.028065108185867,2.7180724766357107,59,1
2,6,33.98027114718768,1.7488188895454595,68,1
1,14,25.893938830574815,4.0432471427373935,37,1
2,9,32.55463895654456,1.0807520320994644,59,1
2,4,32.27246431905729,1.947534035841062,75,1
1,9,26.531938235976156,1.558765944298241,34,1
47,177,87.1359902986846,145.15892925227257,161,-1
2,7,36.07642166440182,1.8852584851965277,72,1
0,12,11.848070868084402,3.5347188032387145,50,1
0,4,21.03268819600707,1.869049554025085,50,1
1,3,10.860244494812111,4.231979235449501,40,1
0,6,32.28466541579749,4.836438874409596,63,1
1,7,22.902118438562376,1.4958022953408587,44,1
2,10,24.24050263491892,3.575668959398669,67,1
2,19,9.633070030523026,3.082350795371876,45,1
0,15,33.72160543503854,2.197759793110994,31,1
0,8,26.616747322102757,1.0301533389833328,75,1
1,6,6.687118428523472,3.939710827647941,34,1
1,1,17.075149305806143,1.664334457774977,60,1
0,9,38.65123368455626,1.0003235894837461,44,1
0,4,16.82432740376457,2.061757936686197,59,1
0,17,34.8469661710773,0.7709891110067018,44,1
0,15,23.725637601228364,4.141964268120702,30,1
0,3,15.167472864665331,3.923170582463342,42,1
1,14,6.158815570610448,1.6479694196604417,44,1
1,4,22.583977526499982,3.0076668662094677,30,1
0,18,35.371463092775755,4.000799563538521,52,1
0,16,23.79736420357268,0.5785447359249276,41,1
1,5,17.713887127591683,2.659430712595585,64,1
2,11,14.979199925729748,0.5620461468932232,70,1
0,17,16.732494225233115,3.9152874098416643,33,1
0,5,17.432286091451218,4.6745738339908485,58,1
2,18,34.91666194860557,1.9037782260696716,58,1
0,2,17.12952110215877,2.1555699062356517,73,1
2,18,16.80249149664362,2.1145619379424563,64,1
2,1,34.12715283838126,4.143895863200701,39,1
0,6,33.08993060425091,0.640507842696987,79,1
2,13,27.7549055932008,3.0062789894712547,62,1
0,3,21.88764335077428,2.4860072283607133,68,1
2,12,17.410035237778935,4.557914683945543,46,1
2,2,9.967876601574108,0.8935175024674523,59,1
2,12,36.484394360218744,3.4544132342221303,69,1
1,10,12.037837077334945,2.0262550869528884,43,1
1,14,5.845347739416401,2.5920934191709923,42,1
0,15,11.145082867466527,1.896035441691534,43,1
1,6,6.4359489957464024,0.9362193158949305,42,1
0,2,16.161436669667502,1.484475965719065,59,1
0,4,17.581642001817723,2.5579254002531164,53,1
0,8,34.301406505391704,3.6797106214269104,35,1
0,12,28.177747555237584,2.7391951668048358,66,1
1,16,7.487042867555429,1.4697118623752103,33,1
0,14,17.585845617380055,1.5742187263708969,75,1
1,16,39.69862017619903,1.2392335944304875,36,1
0,10,7.519305836858058,3.5591049061037836,59,1
0,16,21.02608240751882,4.948225611649406,76,1
1,14,22.432072856262437,1.0505482885120678,56,1
2,17,9.450002595182434,3.8460464367205276,64,1
0,7,19.02304789693076,0.5038705556644768,43,1
0,6,10.341297931678177,3.5583527823678405,68,1
2,7,35.14015590965582,0.7783554281647742,49,1
1,9,13.197335926205632,2.3022044329165965,69,1
0,10,25.111353256238207,1.0555622456602651,32,1
1,11,18.4246812395365,1.8994918972188177,52,1
0,16,31.647880553146805,0.5563339039072708,45,1
2,15,15.015668434888898,2.7322544522060075,77,1
0,18,22.807904550933845,3.2897831712839265,77,1
0,7,34.97984220087801,3.0008179806745314,52,1
1,9,11.21037399375663,2.489203323577441,41,1
2,12,15.89516947371039,3.4908997395163714,56,1
1,18,25.848066714409576,2.361968509417033,63,1
2,3,21.55399135218045,1.8635369513122941,43,1
1,15,7.915039172964272,2.540116084891593,33,1
0,19,15.004818735144248,3.5235242182242237,37,1
0,3,37.91416821106498,4.898264130403239,40,1
1,10,32.315462228369526,4.011641913537441,71,1
2,3,10.437114388818294,0.7093849047190657,35,1
0,9,16.065533484678163,2.2860999250244793,45,1
2,14,10.082435398313338,2.0265541027189036,44,1
0,16,36.057310982473716,2.6769167846670747,39,1
1,1,24.21472814634141,4.380350239545676,76,1
2,8,27.80958501490837,3.9352207271066413,70,1
2,6,6.54146407141992,2.082399701299746,39,1
1,5,29.671092136461386,0.556491924015283,79,1
2,8,26.53031791770045,3.0407764882812387,34,1
2,13,15.207734277980501,3.408679006994474,36,1
1,13,17.50843694208362,4.559192499096725,53,1
1,4,25.417161998536084,3.8982965015570605,78,1
2,16,10.440657413804832,1.6490931098219914,62,1
2,1,19.461755017451374,0.5279414908497618,53,1
0,7,8.00610244273232,1.030703228926109,40,1
0,13,13.154077875420164,3.5331056292274954,41,1
2,16,23.7340805738138,3.625808486191832,74,1
0,1,17.49866603346279,1.923624384315704,77,1
0,16,23.8271107468148,4.856748271911396,55,1
2,9,38.6394576352817,3.9201172319127053,52,1
0,17,31.41511273740564,1.4879699443046548,72,1
1,7,5.9597658257608686,3.3693095147677026,41,1
1,2,39.75784502082908,1.772188567491784,59,1
2,5,15.408578234318057,2.5438440590284928,52,1
1,7,8.21633189436513,3.8133870038752264,65,1
0,5,5.953722628600638,1.21710331825094,43,1
1,12,34.58648498046189,4.511197747342725,46,1
2,13,26.833971241569294,1.2178336372235443,53,1
1,2,31.830923468196826,3.4167890097157185,78,1
46,70,85.67070358898296,50.764074496406636,185,-1
2,12,12.240117623520995,1.5565297533998788,64,1
0,12,27.781122179873332,2.9050283972058657,54,1
1,19,31.520706642754522,2.0753237327551313,33,1
2,7,7.685533583485164,4.730289984602338,61,1
1,6,29.468508162091176,3.9352398466718324,57,1
0,7,35.34122151400223,3.0780082883034248,30,1
2,2,27.682562054442258,3.8396251663221577,46,1
1,2,12.444675684082778,2.6501516884000647,62,1
2,4,12.595492748118577,4.130135156892703,50,1
1,19,17.958624544221635,3.2120418357565765,60,1
2,4,27.559363431270125,1.2778706530004433,70,1
1,10,30.693570399341183,2.4769118593614605,40,1
2,15,6.656710346660298,2.589163548632589,48,1
0,18,19.082369451542128,2.4919649281564515,31,1
0,14,19.623888719819494,4.61145826537106,59,1
1,15,11.570865786074267,2.764283336382447,48,1
1,12,25.24670353854327,2.69244469278023,65,1
1,16,6.379957501571119,4.424933267467675,53,1
0,19,12.036656905446844,3.122470213105063,79,1
0,11,9.4629098449009,4.780886921785123,53,1
0,6,23.051728651397887,0.9990616781368651,53,1
0,19,25.53437220879823,4.095104282839216,44,1
1,18,24.17772317096572,4.548419924195269,68,1
1,18,37.81483998305836,1.1088044657814862,53,1
2,10,26.31657429987742,2.4041974887239137,72,1
0,16,31.462987132143653,2.695183408842722,42,1
1,13,29.286537073985773,4.379557420682361,71,1
2,2,22.470743457164158,1.5935496715288515,32,1
0,5,22.36031267508602,0.9487432685682846,62,1
2,19,5.190290858035954,4.224625164497212,51,1
2,15,34.61593827727641,2.4075217537256552,72,1
0,8,24.572741406058224,3.744396735781249,36,1
0,5,13.457420490727435,4.394766159487963,48,1
1,19,18.454581102590467,4.818223942686754,50,1
27,96,95.24609566926434,114.12419305678084,188,-1
0,1,31.687114519810144,1.546650587239469,63,1
0,19,5.325935570080732,4.027405036760511,33,1
0,4,36.588624695674014,1.2595924022229867,70,1
0,15,5.614344878416803,2.628039997457409,49,1
0,6,18.29180955166448,1.1691985137548162,65,1
0,17,22.268052840876205,4.554700321700185,34,1
1,13,25.85609985477283,1.9384036113242629,61,1
1,15,6.8201229239090715,4.3068620170986325,34,1
0,17,14.785890070098224,3.307299700430635,54,1
2,14,6.189910962297671,4.166406848220401,55,1
1,2,35.51468264354196,3.3457599974265446,44,1
0,3,34.70956697627438,0.8073561752651903,41,1
2,5,8.377023490381585,2.9178056667588153,39,1
1,9,5.841679945608707,3.8103114169537613,75,1
2,9,26.904842119038403,1.1542193165373509,53,1
1,13,20.525378067653186,1.2480678388531108,40,1
